city_from,city_to,transitmode,persona,total distance,total time,total Cost,start time,transfertime,eagres time,stop 1 lat,stop 1 long,stop 2 lat,stop 2 long,stop 3 lat,stop 3 long,stop 4 lat,stop 4 long
London,Hamilton,3,1,138km,2h50min,$28.10,8:00 AM,,10:50 AM,42.980546,-81.250705,43.253217,-79.869159,,,,
London,Toronto,3,1,195km,2h35min,$23.00,4:00 AM,,6:35 AM,42.980546,-81.250705,43.646652,-79.384396,,,,
London,Greater Sudbury,3,1,545km,7h,$71.70,2:30 PM,4:30:00 PM-5PM,9:30 PM,42.980546,-81.250705,43.646652,-79.384396,46.504838,-80.938205,,
London,Kitchener ,3,1,110km,1h35min,$12.21,6:15 AM,,7:50 AM,42.980546,-81.250705,43.449564,-80.492256,,,,
London,Barrie,3,1,255km,5h19min,$59,12:01 PM,2:20PM-3:15PM,5:20 PM,42.980546,-81.250705,43.646652,-79.384396,44.387776,-79.690978,,
London,Ottawa,3,1,628km,9h50min,$75,4:00 AM,6:35AM-8:30AM,1:50 PM,42.980546,-81.250705,43.646652,-79.384396,45.408603,-75.695007,,
London,North Bay ,3,1,496km,19h45min,$90.40,2:30 PM,4:30PM-5PM-9:30PM-8:30AM,10:15 AM,42.980546,-81.250705,43.646652,-79.384396,46.504838,-80.938205,46.313901,-79.438546
London,Hastings Highlands,3,1,436km,39h45min,$96.30,8:30 PM,11:45PM-2:30PM-4:45PM-10:15AM,12:15 PM,42.980546,-81.250705,43.646652,-79.384396,44.304691,-78.323045,45.231021,-77.937785
London,Hamilton,3,2,138km,2h50min,$28.10,8:00 AM,,10:50 AM,42.980546,-81.250705,43.253217,-79.869159,,,,
London,Toronto,3,2,195km,2h19min,$31.00,12:01 PM,,2:20 PM,42.980546,-81.250705,43.646652,-79.384396,,,,
London,Greater Sudbury,3,2,545km,7h,$71.70,2:30 PM,4:30:00 PM-5PM,9:30 PM,42.980546,-81.250705,43.646652,-79.384396,46.504838,-80.938205,,
London,Kitchener ,3,2,110km,1h35min,$12.21,6:15 AM,,7:50 AM,42.980546,-81.250705,43.449564,-80.492256,,,,
London,Barrie,3,2,255km,5h19min,$59,12:01 PM,2:20PM-3:15PM,5:20 PM,42.980546,-81.250705,43.646652,-79.384396,44.387776,-79.690978,,
London,Ottawa,3,2,628km,9h50min,$75,4:00 AM,6:35AM-8:30AM,1:50 PM,42.980546,-81.250705,43.646652,-79.384396,45.408603,-75.695007,,
London,North Bay ,3,2,496km,19h45min,$90.40,2:30 PM,4:30PM-5PM-9:30PM-8:30AM,10:15 AM,42.980546,-81.250705,43.646652,-79.384396,46.504838,-80.938205,46.313901,-79.438546
London,Hastings Highlands,3,2,436km,39h45min,$96.30,8:30 PM,11:45PM-2:30PM-4:45PM-10:15AM,12:15 PM,42.980546,-81.250705,43.646652,-79.384396,44.304691,-78.323045,45.231021,-77.937785
London,Hamilton,3,3,138km,2h50min,$42.60,8:00 AM,,10:50 AM,42.980546,-81.250705,43.253217,-79.869159,,,,
London,Toronto,3,3,195km,2h45min,$33.00,10:45 AM,,1:30 PM,42.980546,-81.250705,43.646652,-79.384396,,,,
London,Greater Sudbury,3,3,545km,7h,$98,2:30 PM,4:30:00 PM-5PM,9:30 PM,42.980546,-81.250705,43.646652,-79.384396,46.504838,-80.938205,,
London,Kitchener ,3,3,110km,1h35min,$21.70,10:45 AM,,12:20 PM,42.980546,-81.250705,43.449564,-80.492256,,,,
London,Barrie,3,3,255km,5h19min,$53,12:01 PM,2:20PM-3:15PM,5:20 PM,42.980546,-81.250705,43.646652,-79.384396,44.387776,-79.690978,,
London,Ottawa,3,3,628km,9h50min,$107,4:00 AM,6:35AM-8:30AM,1:50 PM,42.980546,-81.250705,43.646652,-79.384396,45.408603,-75.695007,,
London,North Bay ,3,3,496km,19h45min,$88.40,2:30 PM,4:30PM-5PM-9:30PM-8:30AM,10:15 AM,42.980546,-81.250705,43.646652,-79.384396,46.504838,-80.938205,46.313901,-79.438546
London,Hastings Highlands,3,3,436km,15h45min,$77.50,8:30 PM,11:45PM-7:30AM-9:45AM-10:15AM,12:15 PM,42.980546,-81.250705,43.646652,-79.384396,44.304691,-78.323045,45.231021,-77.937785
London,Hamilton,3,4,138km,2h50min,$28.10,8:00 AM,,10:50 AM,42.980546,-81.250705,43.253217,-79.869159,,,,
London,Toronto,3,4,195km,2h45min,$31.00,10:45 AM,,1:30 PM,42.980546,-81.250705,43.646652,-79.384396,,,,
London,Greater Sudbury,3,4,545km,7h,$71.70,2:30 PM,4:30:00 PM-5PM,9:30 PM,42.980546,-81.250705,43.646652,-79.384396,46.504838,-80.938205,,
London,Kitchener ,3,4,110km,1h35min,$12.21,6:15 AM,,7:50 AM,42.980546,-81.250705,43.449564,-80.492256,,,,
London,Barrie,3,4,255km,5h19min,$59,12:01 PM,2:20PM-3:15PM,5:20 PM,42.980546,-81.250705,43.646652,-79.384396,44.387776,-79.690978,,
London,Ottawa,3,4,628km,9h50min,$75,4:00 AM,6:35AM-8:30AM,1:50 PM,42.980546,-81.250705,43.646652,-79.384396,45.408603,-75.695007,,
London,North Bay ,3,4,496km,19h45min,$90.40,2:30 PM,4:30PM-5PM-9:30PM-8:30AM,10:15 AM,42.980546,-81.250705,43.646652,-79.384396,46.504838,-80.938205,46.313901,-79.438546
London,Hastings Highlands,3,4,436km,39h45min,$96.30,8:30 PM,11:45PM-2:30PM-4:45PM-10:15AM,12:15 PM,42.980546,-81.250705,43.646652,-79.384396,44.304691,-78.323045,45.231021,-77.937785
London,Hamilton,3,5,138km,2h50min,$42.60,8:00 AM,,10:50 AM,42.980546,-81.250705,43.253217,-79.869159,,,,
London,Toronto,3,5,195km,2h45min,$33.00,10:45 AM,,1:30 PM,42.980546,-81.250705,43.646652,-79.384396,,,,
London,Greater Sudbury,3,5,545km,7h,$98,2:30 PM,4:30:00 PM-5PM,9:30 PM,42.980546,-81.250705,43.646652,-79.384396,46.504838,-80.938205,,
London,Kitchener ,3,5,110km,1h35min,$21.70,10:45 AM,,12:20 PM,42.980546,-81.250705,43.449564,-80.492256,,,,
London,Barrie,3,5,255km,5h19min,$53,12:01 PM,2:20PM-3:15PM,5:20 PM,42.980546,-81.250705,43.646652,-79.384396,44.387776,-79.690978,,
London,Ottawa,3,5,628km,9h50min,$107,4:00 AM,6:35AM-8:30AM,1:50 PM,42.980546,-81.250705,43.646652,-79.384396,45.408603,-75.695007,,
London,North Bay ,3,5,496km,19h45min,$88.40,2:30 PM,4:30PM-5PM-9:30PM-8:30AM,10:15 AM,42.980546,-81.250705,43.646652,-79.384396,46.504838,-80.938205,46.313901,-79.438546
London,Hastings Highlands,3,5,436km,15h45min,$77.50,8:30 PM,11:45PM-7:30AM-9:45AM-10:15AM,12:15 PM,42.980546,-81.250705,43.646652,-79.384396,44.304691,-78.323045,45.231021,-77.937785
Hamilton,London,3,1,138km,2h45min,$30.10,11:40 AM,,2:25 PM,43.253217,-79.869159,42.980546,-81.250705,,,,
Hamilton,Toronto,3,1,69km,1h15min,$11.20,11:00 AM,,12:15 PM,43.253217,-79.869159,43.646652,-79.384396,,,,
Hamilton,Greater Sudbury,3,1,436km,10h30min,$77.80,11:00 AM,12:15PM-4PM,9:30 PM,43.253217,-79.869159,43.646652,-79.384396,46.504838,-80.938205,,
Hamilton,Kitchener ,3,1,66km,1h35min,$10,7:30 AM,,9:05 AM,43.253217,-79.869159,43.449564,-80.492256,,,,
Hamilton,Barrie,3,1,146km,6h20min,$33.70,11:00 AM,12:15PM-3:15PM,5:20 PM,43.253217,-79.869159,43.646652,-79.384396,44.387776,-79.690978,,
Hamilton,Ottawa,3,1,516km,9h,$65,11:00 AM,12:15PM-2:30PM,8:00 PM,43.253217,-79.869159,43.646652,-79.384396,45.408603,-75.695007,,
Hamilton,North Bay ,3,1,393km,17h10min,$89.70,10:10 PM,11:45PM-12:30AM-6:20AM-10AM,3:20 PM,43.253217,-79.869159,43.646652,-79.384396,45.408603,-75.695007,46.313901,-79.438546
Hamilton,Hastings Highlands,3,1,331km,43h15min,$77.50,5:00 PM,6:50PM-3:10PM-4:45PM-10:10AM,12:15 PM,43.253217,-79.869159,43.775108,-79.254744,44.304691,-78.323045,45.231021,-77.937785
Hamilton,London,3,2,138km,2h45min,$30.10,11:40 AM,,2:25 PM,43.253217,-79.869159,42.980546,-81.250705,,,,
Hamilton,Toronto,3,2,69km,1h15min,$11.20,11:00 AM,,12:15 PM,43.253217,-79.869159,43.646652,-79.384396,,,,
Hamilton,Greater Sudbury,3,2,436km,10h30min,$77.80,11:00 AM,12:15PM-4PM,9:30 PM,43.253217,-79.869159,43.646652,-79.384396,46.504838,-80.938205,,
Hamilton,Kitchener ,3,2,66km,1h35min,$10,9:30 AM,,11:05 AM,43.253217,-79.869159,43.449564,-80.492256,,,,
Hamilton,Barrie,3,2,146km,6h20min,$33.70,11:00 AM,12:15PM-3:15PM,5:20 PM,43.253217,-79.869159,43.646652,-79.384396,44.387776,-79.690978,,
Hamilton,Ottawa,3,2,516km,9h,$65,11:00 AM,12:15PM-2:30PM,8:00 PM,43.253217,-79.869159,43.646652,-79.384396,45.408603,-75.695007,,
Hamilton,North Bay ,3,2,393km,17h10min,$89.70,10:10 PM,11:45PM-12:30AM-6:20AM-10AM,3:20 PM,43.253217,-79.869159,43.646652,-79.384396,45.408603,-75.695007,46.313901,-79.438546
Hamilton,Hastings Highlands,3,2,331km,43h15min,$77.50,5:00 PM,6:50PM-3:10PM-4:45PM-10:10AM,12:15 PM,43.253217,-79.869159,43.775108,-79.254744,44.304691,-78.323045,45.231021,-77.937785
Hamilton,London,3,3,138km,2h45min,$39.10,11:40 AM,,2:25 PM,43.253217,-79.869159,42.980546,-81.250705,,,,
Hamilton,Toronto,3,3,69km,1h15min,$12.70,11:00 AM,,12:15 PM,43.253217,-79.869159,43.646652,-79.384396,,,,
Hamilton,Greater Sudbury,3,3,436km,10h30min,$77.50,11:00 AM,12:15PM-4PM,9:30 PM,43.253217,-79.869159,43.646652,-79.384396,46.504838,-80.938205,,
Hamilton,Kitchener ,3,3,66km,1h35min,$10,9:30 AM,,11:05 AM,43.253217,-79.869159,43.449564,-80.492256,,,,
Hamilton,Barrie,3,3,146km,6h20min,$43.20,11:00 AM,12:15PM-3:15PM,5:20 PM,43.253217,-79.869159,43.646652,-79.384396,44.387776,-79.690978,,
Hamilton,Ottawa,3,3,516km,9h,$76,11:00 AM,12:15PM-2:30PM,8:00 PM,43.253217,-79.869159,43.646652,-79.384396,45.408603,-75.695007,,
Hamilton,North Bay ,3,3,393km,17h10min,$94.20,10:10 PM,11:45PM-12:30AM-6:20AM-10AM,3:20 PM,43.253217,-79.869159,43.646652,-79.384396,45.408603,-75.695007,46.313901,-79.438546
Hamilton,Hastings Highlands,3,3,331km,43h15min,$77.50,5:00 PM,6:50PM-3:10PM-4:45PM-10:10AM,12:15 PM,43.253217,-79.869159,43.775108,-79.254744,44.304691,-78.323045,45.231021,-77.937785
Hamilton,London,3,4,138km,2h45min,$30.10,11:40 AM,,2:25 PM,43.253217,-79.869159,42.980546,-81.250705,,,,
Hamilton,Toronto,3,4,69km,1h15min,$11.20,11:00 AM,,12:15 PM,43.253217,-79.869159,43.646652,-79.384396,,,,
Hamilton,Greater Sudbury,3,4,436km,10h30min,$77.80,11:00 AM,12:15PM-4PM,9:30 PM,43.253217,-79.869159,43.646652,-79.384396,46.504838,-80.938205,,
Hamilton,Kitchener ,3,4,66km,1h35min,$10,9:30 AM,,11:05 AM,43.253217,-79.869159,43.449564,-80.492256,,,,
Hamilton,Barrie,3,4,146km,6h20min,$33.70,11:00 AM,12:15PM-3:15PM,5:20 PM,43.253217,-79.869159,43.646652,-79.384396,44.387776,-79.690978,,
Hamilton,Ottawa,3,4,516km,9h,$65,11:00 AM,12:15PM-2:30PM,8:00 PM,43.253217,-79.869159,43.646652,-79.384396,45.408603,-75.695007,,
Hamilton,North Bay ,3,4,393km,17h10min,$89.70,10:10 PM,11:45PM-12:30AM-6:20AM-10AM,3:20 PM,43.253217,-79.869159,43.646652,-79.384396,45.408603,-75.695007,46.313901,-79.438546
Hamilton,Hastings Highlands,3,4,331km,43h15min,$77.50,5:00 PM,6:50PM-3:10PM-4:45PM-10:10AM,12:15 PM,43.253217,-79.869159,43.775108,-79.254744,44.304691,-78.323045,45.231021,-77.937785
Hamilton,London,3,5,138km,2h45min,$39.10,11:40 AM,,2:25 PM,43.253217,-79.869159,42.980546,-81.250705,,,,
Hamilton,Toronto,3,5,69km,1h15min,$12.70,11:00 AM,,12:15 PM,43.253217,-79.869159,43.646652,-79.384396,,,,
Hamilton,Greater Sudbury,3,5,436km,10h30min,$77.50,11:00 AM,12:15PM-4PM,9:30 PM,43.253217,-79.869159,43.646652,-79.384396,46.504838,-80.938205,,
Hamilton,Kitchener ,3,5,66km,1h35min,$10,9:30 AM,,11:05 AM,43.253217,-79.869159,43.449564,-80.492256,,,,
Hamilton,Barrie,3,5,146km,6h20min,$43.20,11:00 AM,12:15PM-3:15PM,5:20 PM,43.253217,-79.869159,43.646652,-79.384396,44.387776,-79.690978,,
Hamilton,Ottawa,3,5,516km,9h,$76,11:00 AM,12:15PM-2:30PM,8:00 PM,43.253217,-79.869159,43.646652,-79.384396,45.408603,-75.695007,,
Hamilton,North Bay ,3,5,393km,17h10min,$94.20,10:10 PM,11:45PM-12:30AM-6:20AM-10AM,3:20 PM,43.253217,-79.869159,43.646652,-79.384396,45.408603,-75.695007,46.313901,-79.438546
Hamilton,Hastings Highlands,3,5,331km,43h15min,$77.50,5:00 PM,6:50PM-3:10PM-4:45PM-10:10AM,12:15 PM,43.253217,-79.869159,43.775108,-79.254744,44.304691,-78.323045,45.231021,-77.937785
Toronto,London,3,1,194km,2h30min,$29.00,8:00 AM,,10:30 AM,43.646652,-79.384396,42.980546,-81.250705,,,,
Toronto,Hamilton,3,1,68km,1h30min,$10.20,10:00 AM,,11:30 AM,43.646652,-79.384396,43.253217,-79.869159,,,,
Toronto,Greater Sudbury,3,1,400km,5h30min,$53.10,4:00 PM,,9:30 PM,43.646652,-79.384396,46.504838,-80.938205,,,,
Toronto,Kitchener ,3,1,107km,2h15min,$11,6:45 AM,,9:00 AM,43.646652,-79.384396,43.449564,-80.492256,,,,
Toronto,Barrie,3,1,110km,2h5min,$13,3:15 PM,,5:20 PM,43.646652,-79.384396,44.387776,-79.690978,,,,
Toronto,Ottawa,3,1,449km,5h50min,$51.50,12:30 AM,,6:20 AM,43.646652,-79.384396,45.408603,-75.695007,,,,
Toronto,North Bay ,3,1,357km,18h15min,$90.40,4:00 PM,9:30PM-8:30AM,10:15 AM,43.646652,-79.384396,46.504838,-80.938205,46.313901,-79.438546,,
Toronto,Hastings Highlands,3,1,264km,16h15min,$62,8:00 PM,9:55PM-10:15AM,12:15 PM,43.646652,-79.384396,44.304691,-78.323045,45.231021,-77.937785,,
Toronto,London,3,2,194km,2h35min,$25.00,10:45 AM,,1:20 PM,43.646652,-79.384396,42.980546,-81.250705,,,,
Toronto,Hamilton,3,2,68km,1h30min,$10.20,10:00 AM,,11:30 AM,43.646652,-79.384396,43.253217,-79.869159,,,,
Toronto,Greater Sudbury,3,2,400km,5h30min,$53.10,4:00 PM,,9:30 PM,43.646652,-79.384396,46.504838,-80.938205,,,,
Toronto,Kitchener ,3,2,107km,2h25min,$12,10:30 AM,,12:55 PM,43.646652,-79.384396,43.449564,-80.492256,,,,
Toronto,Barrie,3,2,110km,2h5min,$13,3:15 PM,,5:20 PM,43.646652,-79.384396,44.387776,-79.690978,,,,
Toronto,Ottawa,3,2,449km,6h55min,$41,7:30 AM,,2:25 PM,43.646652,-79.384396,45.408603,-75.695007,,,,
Toronto,North Bay ,3,2,357km,18h15min,$90.40,4:00 PM,9:30PM-8:30AM,10:15 AM,43.646652,-79.384396,46.504838,-80.938205,46.313901,-79.438546,,
Toronto,Hastings Highlands,3,2,264km,16h15min,$62,8:00 PM,9:55PM-10:15AM,12:15 PM,43.646652,-79.384396,44.304691,-78.323045,45.231021,-77.937785,,
Toronto,London,3,3,194km,2h35min,$33.00,10:45 AM,,1:20 PM,43.646652,-79.384396,42.980546,-81.250705,,,,
Toronto,Hamilton,3,3,68km,1h30min,$13.70,10:00 AM,,11:30 AM,43.646652,-79.384396,43.253217,-79.869159,,,,
Toronto,Greater Sudbury,3,3,400km,5h30min,$57.10,4:00 PM,,9:30 PM,43.646652,-79.384396,46.504838,-80.938205,,,,
Toronto,Kitchener ,3,3,107km,2h25min,$18,10:30 AM,,12:55 PM,43.646652,-79.384396,43.449564,-80.492256,,,,
Toronto,Barrie,3,3,110km,2h5min,$18,3:15 PM,,5:20 PM,43.646652,-79.384396,44.387776,-79.690978,,,,
Toronto,Ottawa,3,3,449km,6h55min,$52,7:30 AM,,2:25 PM,43.646652,-79.384396,45.408603,-75.695007,,,,
Toronto,North Bay ,3,3,357km,18h15min,$105.90,4:00 PM,9:30PM-8:30AM,10:15 AM,43.646652,-79.384396,46.504838,-80.938205,46.313901,-79.438546,,
Toronto,Hastings Highlands,3,3,264km,16h15min,$62,8:00 PM,9:55PM-10:15AM,12:15 PM,43.646652,-79.384396,44.304691,-78.323045,45.231021,-77.937785,,
Toronto,London,3,4,194km,2h35min,$25.00,10:45 AM,,1:20 PM,43.646652,-79.384396,42.980546,-81.250705,,,,
Toronto,Hamilton,3,4,68km,1h30min,$10.20,10:00 AM,,11:30 AM,43.646652,-79.384396,43.253217,-79.869159,,,,
Toronto,Greater Sudbury,3,4,400km,5h30min,$53.10,4:00 PM,,9:30 PM,43.646652,-79.384396,46.504838,-80.938205,,,,
Toronto,Kitchener ,3,4,107km,2h25min,$12,10:30 AM,,12:55 PM,43.646652,-79.384396,43.449564,-80.492256,,,,
Toronto,Barrie,3,4,110km,2h5min,$13,3:15 PM,,5:20 PM,43.646652,-79.384396,44.387776,-79.690978,,,,
Toronto,Ottawa,3,4,449km,6h55min,$41,7:30 AM,,2:25 PM,43.646652,-79.384396,45.408603,-75.695007,,,,
Toronto,North Bay ,3,4,357km,18h15min,$90.40,4:00 PM,9:30PM-8:30AM,10:15 AM,43.646652,-79.384396,46.504838,-80.938205,46.313901,-79.438546,,
Toronto,Hastings Highlands,3,4,264km,16h15min,$62,8:00 PM,9:55PM-10:15AM,12:15 PM,43.646652,-79.384396,44.304691,-78.323045,45.231021,-77.937785,,
Toronto,London,3,5,194km,2h35min,$33.00,10:45 AM,,1:20 PM,43.646652,-79.384396,42.980546,-81.250705,,,,
Toronto,Hamilton,3,5,68km,1h30min,$13.70,10:00 AM,,11:30 AM,43.646652,-79.384396,43.253217,-79.869159,,,,
Toronto,Greater Sudbury,3,5,400km,5h30min,$57.10,4:00 PM,,9:30 PM,43.646652,-79.384396,46.504838,-80.938205,,,,
Toronto,Kitchener ,3,5,107km,2h25min,$18,10:30 AM,,12:55 PM,43.646652,-79.384396,43.449564,-80.492256,,,,
Toronto,Barrie,3,5,110km,2h5min,$18,3:15 PM,,5:20 PM,43.646652,-79.384396,44.387776,-79.690978,,,,
Toronto,Ottawa,3,5,449km,6h55min,$52,7:30 AM,,2:25 PM,43.646652,-79.384396,45.408603,-75.695007,,,,
Toronto,North Bay ,3,5,357km,18h15min,$105.90,4:00 PM,9:30PM-8:30AM,10:15 AM,43.646652,-79.384396,46.504838,-80.938205,46.313901,-79.438546,,
Toronto,Hastings Highlands,3,5,264km,16h15min,$62,8:00 PM,9:55PM-10:15AM,12:15 PM,43.646652,-79.384396,44.304691,-78.323045,45.231021,,,
Greater Sudbury,London,3,1,531km,8h30min,$66.20,9:00 AM,1:35PM-3:15PM,5:30 PM,46.504838,-80.938205,43.646652,-79.384396,42.980546,-81.250705,,
Greater Sudbury,Hamilton,3,1,436km,11h50min,$73.30,9:00 AM,1:35PM-8:05PM,8:50 PM,46.504838,-80.938205,43.646652,-79.384396,43.253217,-79.869159,,
Greater Sudbury,Toronto,3,1,400km,5h30min,$53.10,9:00 AM,,2:30 PM,46.504838,-80.938205,43.646652,-79.384396,,,,
Greater Sudbury,Kitchener ,3,1,461km,8h55min,$80.10,9:00 AM,2:30PM-3:30PM,5:55 PM,46.504838,-80.938205,43.646652,-79.384396,43.449564,-80.492256,,
Greater Sudbury,Barrie,3,1,292km,8h20min,$52,9:00 AM,2:30PM-3:15PM,5:20 PM,46.504838,-80.938205,43.646652,-79.384396,44.387776,-79.690978,,
Greater Sudbury,Ottawa,3,1,484km,7h35min,$68,8:30 AM,,4:05 PM,46.504838,-80.938205,45.408603,-75.695007,,,,
Greater Sudbury,North Bay ,3,1,127km,1h45min,$24.10,8:30 AM,,10:15 AM,46.504838,-80.938205,46.313901,-79.438546,,,,
Greater Sudbury,Hastings Highlands,3,1,384km,27h15min,$132.90,9:00 AM,2:30PM-4PM-6:50PM-10:15AM,12:15 PM,46.504838,-80.938205,43.646652,-79.384396,44.304691,-78.323045,45.231021,-77.937785
Greater Sudbury,London,3,2,531km,8h30min,$66.20,9:00 AM,1:35PM-3:15PM,5:30 PM,46.504838,-80.938205,43.646652,-79.384396,42.980546,-81.250705,,
Greater Sudbury,Hamilton,3,2,436km,11h50min,$73.30,9:00 AM,1:35PM-8:05PM,8:50 PM,46.504838,-80.938205,43.646652,-79.384396,43.253217,-79.869159,,
Greater Sudbury,Toronto,3,2,400km,5h30min,$53.10,9:00 AM,,2:30 PM,46.504838,-80.938205,43.646652,-79.384396,,,,
Greater Sudbury,Kitchener ,3,2,461km,8h55min,$80.10,9:00 AM,2:30PM-3:30PM,5:55 PM,46.504838,-80.938205,43.646652,-79.384396,43.449564,-80.492256,,
Greater Sudbury,Barrie,3,2,292km,8h20min,$52,9:00 AM,2:30PM-3:15PM,5:20 PM,46.504838,-80.938205,43.646652,-79.384396,44.387776,-79.690978,,
Greater Sudbury,Ottawa,3,2,484km,7h35min,$68,8:30 AM,,4:05 PM,46.504838,-80.938205,45.408603,-75.695007,,,,
Greater Sudbury,North Bay ,3,2,127km,1h45min,$24.10,8:30 AM,,10:15 AM,46.504838,-80.938205,46.313901,-79.438546,,,,
Greater Sudbury,Hastings Highlands,3,2,384km,27h15min,$132.90,9:00 AM,2:30PM-4PM-6:50PM-10:15AM,12:15 PM,46.504838,-80.938205,43.646652,-79.384396,44.304691,-78.323045,45.231021,-77.937785
Greater Sudbury,London,3,3,531km,8h30min,$97.80,9:00 AM,1:35PM-3:15PM,5:30 PM,46.504838,-80.938205,43.646652,-79.384396,42.980546,-81.250705,,
Greater Sudbury,Hamilton,3,3,436km,11h50min,$77.50,9:00 AM,1:35PM-8:05PM,8:50 PM,46.504838,-80.938205,43.646652,-79.384396,43.253217,-79.869159,,
Greater Sudbury,Toronto,3,3,400km,5h30min,$65.10,9:00 AM,,2:30 PM,46.504838,-80.938205,43.646652,-79.384396,,,,
Greater Sudbury,Kitchener ,3,3,461km,8h55min,$114.60,9:00 AM,2:30PM-3:30PM,5:55 PM,46.504838,-80.938205,43.646652,-79.384396,43.449564,-80.492256,,
Greater Sudbury,Barrie,3,3,292km,8h20min,$75,9:00 AM,2:30PM-3:15PM,5:20 PM,46.504838,-80.938205,43.646652,-79.384396,44.387776,-79.690978,,
Greater Sudbury,Ottawa,3,3,484km,7h35min,$84,8:30 AM,,4:05 PM,46.504838,-80.938205,45.408603,-75.695007,,,,
Greater Sudbury,North Bay ,3,3,127km,1h45min,$35.10,8:30 AM,,10:15 AM,46.504838,-80.938205,46.313901,-79.438546,,,,
Greater Sudbury,Hastings Highlands,3,3,384km,27h15min,$152.90,9:00 AM,2:30PM-4PM-6:50PM-10:15AM,12:15 PM,46.504838,-80.938205,43.646652,-79.384396,44.304691,-78.323045,45.231021,-77.937785
Greater Sudbury,London,3,4,531km,8h30min,$66.20,9:00 AM,1:35PM-3:15PM,5:30 PM,46.504838,-80.938205,43.646652,-79.384396,42.980546,-81.250705,,
Greater Sudbury,Hamilton,3,4,436km,11h50min,$73.30,9:00 AM,1:35PM-8:05PM,8:50 PM,46.504838,-80.938205,43.646652,-79.384396,43.253217,-79.869159,,
Greater Sudbury,Toronto,3,4,400km,5h30min,$53.10,9:00 AM,,2:30 PM,46.504838,-80.938205,43.646652,-79.384396,,,,
Greater Sudbury,Kitchener ,3,4,461km,8h55min,$80.10,9:00 AM,2:30PM-3:30PM,5:55 PM,46.504838,-80.938205,43.646652,-79.384396,43.449564,-80.492256,,
Greater Sudbury,Barrie,3,4,292km,8h20min,$52,9:00 AM,2:30PM-3:15PM,5:20 PM,46.504838,-80.938205,43.646652,-79.384396,44.387776,-79.690978,,
Greater Sudbury,Ottawa,3,4,484km,7h35min,$68,8:30 AM,,4:05 PM,46.504838,-80.938205,45.408603,-75.695007,,,,
Greater Sudbury,North Bay ,3,4,127km,1h45min,$24.10,8:30 AM,,10:15 AM,46.504838,-80.938205,46.313901,-79.438546,,,,
Greater Sudbury,Hastings Highlands,3,4,384km,27h15min,$132.90,9:00 AM,2:30PM-4PM-6:50PM-10:15AM,12:15 PM,46.504838,-80.938205,43.646652,-79.384396,44.304691,-78.323045,45.231021,-77.937785
Greater Sudbury,London,3,5,531km,8h30min,$97.80,9:00 AM,1:35PM-3:15PM,5:30 PM,46.504838,-80.938205,43.646652,-79.384396,42.980546,-81.250705,,
Greater Sudbury,Hamilton,3,5,436km,11h50min,$77.50,9:00 AM,1:35PM-8:05PM,8:50 PM,46.504838,-80.938205,43.646652,-79.384396,43.253217,-79.869159,,
Greater Sudbury,Toronto,3,5,400km,5h30min,$65.10,9:00 AM,,2:30 PM,46.504838,-80.938205,43.646652,-79.384396,,,,
Greater Sudbury,Kitchener ,3,5,461km,8h55min,$114.60,9:00 AM,2:30PM-3:30PM,5:55 PM,46.504838,-80.938205,43.646652,-79.384396,43.449564,-80.492256,,
Greater Sudbury,Barrie,3,5,292km,8h20min,$75,9:00 AM,2:30PM-3:15PM,5:20 PM,46.504838,-80.938205,43.646652,-79.384396,44.387776,-79.690978,,
Greater Sudbury,Ottawa,3,5,484km,7h35min,$84,8:30 AM,,4:05 PM,46.504838,-80.938205,45.408603,-75.695007,,,,
Greater Sudbury,North Bay ,3,5,127km,1h45min,$35.10,8:30 AM,,10:15 AM,46.504838,-80.938205,46.313901,-79.438546,,,,
Greater Sudbury,Hastings Highlands,3,5,384km,27h15min,$152.90,9:00 AM,2:30PM-4PM-6:50PM-10:15AM,12:15 PM,46.504838,-80.938205,43.646652,-79.384396,44.304691,-78.323045,45.231021,-77.937785
Kitchener ,London,3,1,110km,1h35min,$12.21,9:00 AM,,10:35 AM,43.449564,-80.492256,42.980546,-81.250705,,,,
Kitchener ,Hamilton,3,1,66km,1h30min,$10,7:30 AM,,9:00 AM,43.449564,-80.492256,43.253217,-79.869159,,,,
Kitchener ,Toronto,3,1,109km,1h55min,$11,6:25 AM,,8:20 AM,43.449564,-80.492256,43.646652,-79.384396,,,,
Kitchener ,Greater Sudbury,3,1,463km,9h,$85.10,12:30 PM,2:30PM-4PM,9:30 PM,43.449564,-80.492256,43.646652,-79.384396,46.504838,-80.938205,,
Kitchener ,Barrie,3,1,155km,4h50min,$22.40,12:30 PM,2:30-3:15PM,5:20 PM,43.449564,-80.492256,43.646652,-79.384396,44.387776,-79.690978,,
Kitchener ,Ottawa,3,1,543km,8h20min,$100.90,5:30 AM,7:30AM-8:30AM,1:50 PM,43.449564,-80.492256,43.646652,-79.384396,45.408603,-75.695007,,
Kitchener ,North Bay ,3,1,420km,21h45min,$104.20,12:30 PM,2:30PM-4PM-9:30PM-8:30AM,10:15 AM,43.449564,-80.492256,43.646652,-79.384396,46.504838,-80.938205,46.313901,-79.438546
Kitchener ,Hastings Highlands,3,1,358km,40h,$81.10,8:15 PM,10:40PM-2:30PM-4:45PM-10:15AM,12:15 PM,43.449564,-80.492256,43.646652,-79.384396,44.304691,-78.323045,45.231021,-77.937785
Kitchener ,London,3,2,110km,1h35min,$12.21,9:00 AM,,10:35 AM,43.449564,-80.492256,42.980546,-81.250705,,,,
Kitchener ,Hamilton,3,2,66km,1h30min,$10,9:30 AM,,11:00 AM,43.449564,-80.492256,43.253217,-79.869159,,,,
Kitchener ,Toronto,3,2,109km,2h5min,$13.50,9:30 AM,,11:35 AM,43.449564,-80.492256,43.646652,-79.384396,,,,
Kitchener ,Greater Sudbury,3,2,463km,9h,$85.10,12:30 PM,2:30PM-4PM,9:30 PM,43.449564,-80.492256,43.646652,-79.384396,46.504838,-80.938205,,
Kitchener ,Barrie,3,2,155km,4h50min,$22.40,12:30 PM,2:30-3:15PM,5:20 PM,43.449564,-80.492256,43.646652,-79.384396,44.387776,-79.690978,,
Kitchener ,Ottawa,3,2,543km,8h20min,$100.90,5:30 AM,7:30AM-8:30AM,1:50 PM,43.449564,-80.492256,43.646652,-79.384396,45.408603,-75.695007,,
Kitchener ,North Bay ,3,2,420km,21h45min,$104.20,12:30 PM,2:30PM-4PM-9:30PM-8:30AM,10:15 AM,43.449564,-80.492256,43.646652,-79.384396,46.504838,-80.938205,46.313901,-79.438546
Kitchener ,Hastings Highlands,3,2,358km,40h,$81.10,8:15 PM,10:40PM-2:30PM-4:45PM-10:15AM,12:15 PM,43.449564,-80.492256,43.646652,-79.384396,44.304691,-78.323045,45.231021,-77.937785
Kitchener ,London,3,3,110km,1h35min,$17.70,9:00 AM,,10:35 AM,43.449564,-80.492256,42.980546,-81.250705,,,,
Kitchener ,Hamilton,3,3,66km,1h30min,$10,9:30 AM,,11:00 AM,43.449564,-80.492256,43.253217,-79.869159,,,,
Kitchener ,Toronto,3,3,109km,2h5min,$20.00,9:30 AM,,11:35 AM,43.449564,-80.492256,43.646652,-79.384396,,,,
Kitchener ,Greater Sudbury,3,3,463km,9h,$109.60,12:30 PM,2:30PM-4PM,9:30 PM,43.449564,-80.492256,43.646652,-79.384396,46.504838,-80.938205,,
Kitchener ,Barrie,3,3,155km,4h50min,$31.40,12:30 PM,2:30-3:15PM,5:20 PM,43.449564,-80.492256,43.646652,-79.384396,44.387776,-79.690978,,
Kitchener ,Ottawa,3,3,543km,9h,$127.40,8:00 AM,10:55AM-11:30AM,5:00 PM,43.449564,-80.492256,43.646652,-79.384396,45.408603,-75.695007,,
Kitchener ,North Bay ,3,3,420km,21h45min,$134.70,12:30 PM,2:30PM-4PM-9:30PM-8:30AM,10:15 AM,43.449564,-80.492256,43.646652,-79.384396,46.504838,-80.938205,46.313901,-79.438546
Kitchener ,Hastings Highlands,3,3,358km,16h,$81.10,8:15 PM,10:40PM-7:30AM-9:45AM-10:15AM,12:15 PM,43.449564,-80.492256,43.646652,-79.384396,44.304691,-78.323045,45.231021,-77.937785
Kitchener ,London,3,4,110km,1h35min,$12.21,9:00 AM,,10:35 AM,43.449564,-80.492256,42.980546,-81.250705,,,,
Kitchener ,Hamilton,3,4,66km,1h30min,$10,9:30 AM,,11:00 AM,43.449564,-80.492256,43.253217,-79.869159,,,,
Kitchener ,Toronto,3,4,109km,2h5min,$13.50,9:30 AM,,11:35 AM,43.449564,-80.492256,43.646652,-79.384396,,,,
Kitchener ,Greater Sudbury,3,4,463km,9h,$85.10,12:30 PM,2:30PM-4PM,9:30 PM,43.449564,-80.492256,43.646652,-79.384396,46.504838,-80.938205,,
Kitchener ,Barrie,3,4,155km,4h50min,$22.40,12:30 PM,2:30-3:15PM,5:20 PM,43.449564,-80.492256,43.646652,-79.384396,44.387776,-79.690978,,
Kitchener ,Ottawa,3,4,543km,8h20min,$100.90,5:30 AM,7:30AM-8:30AM,1:50 PM,43.449564,-80.492256,43.646652,-79.384396,45.408603,-75.695007,,
Kitchener ,North Bay ,3,4,420km,21h45min,$104.20,12:30 PM,2:30PM-4PM-9:30PM-8:30AM,10:15 AM,43.449564,-80.492256,43.646652,-79.384396,46.504838,-80.938205,46.313901,-79.438546
Kitchener ,Hastings Highlands,3,4,358km,40h,$81.10,8:15 PM,10:40PM-2:30PM-4:45PM-10:15AM,12:15 PM,43.449564,-80.492256,43.646652,-79.384396,44.304691,-78.323045,45.231021,-77.937785
Kitchener ,London,3,5,110km,1h35min,$17.70,9:00 AM,,10:35 AM,43.449564,-80.492256,42.980546,-81.250705,,,,
Kitchener ,Hamilton,3,5,66km,1h30min,$10,9:30 AM,,11:00 AM,43.449564,-80.492256,43.253217,-79.869159,,,,
Kitchener ,Toronto,3,5,109km,2h5min,$20.00,9:30 AM,,11:35 AM,43.449564,-80.492256,43.646652,-79.384396,,,,
Kitchener ,Greater Sudbury,3,5,463km,9h,$109.60,12:30 PM,2:30PM-4PM,9:30 PM,43.449564,-80.492256,43.646652,-79.384396,46.504838,-80.938205,,
Kitchener ,Barrie,3,5,155km,4h50min,$31.40,12:30 PM,2:30-3:15PM,5:20 PM,43.449564,-80.492256,43.646652,-79.384396,44.387776,-79.690978,,
Kitchener ,Ottawa,3,5,543km,9h,$127.40,8:00 AM,10:55AM-11:30AM,5:00 PM,43.449564,-80.492256,43.646652,-79.384396,45.408603,-75.695007,,
Kitchener ,North Bay ,3,5,420km,21h45min,$134.70,12:30 PM,2:30PM-4PM-9:30PM-8:30AM,10:15 AM,43.449564,-80.492256,43.646652,-79.384396,46.504838,-80.938205,46.313901,-79.438546
Kitchener ,Hastings Highlands,3,5,358km,16h,$81.10,8:15 PM,10:40PM-7:30AM-9:45AM-10:15AM,12:15 PM,43.449564,-80.492256,43.646652,-79.384396,44.304691,-78.323045,45.231021,-77.937785
Barrie,London,3,1,253km,5h,$56.50,5:30 AM,7:05AM-8AM,10:30 AM,44.387776,-79.690978,43.646652,-79.384396,42.980546,-81.250705,,
Barrie,Hamilton,3,1,144km,6h,$31.70,5:30 AM,7:05AM-10AM,11:30 AM,44.387776,-79.690978,43.646652,-79.384396,43.253217,-79.869159,,
Barrie,Toronto,3,1,109km,1h35min,$12,5:30 AM,,7:05 AM,44.387776,-79.690978,43.646652,-79.384396,,,,
Barrie,Greater Sudbury,3,1,292km,9h40min,$55,11:50 AM,1:30PM-4PM,9:30 PM,44.387776,-79.690978,43.646652,-79.384396,46.504838,-80.938205,,
Barrie,Kitchener ,3,1,154km,4h55min,$19.90,5:30 AM,7:05AM-8:30AM,10:25 AM,44.387776,-79.690978,43.646652,-79.384396,43.449564,-80.492256,,
Barrie,Ottawa,3,1,412km,8h20,$87.20,5:30 AM,7:05AM-8:30AM,1:50 PM,44.387776,-79.690978,43.646652,-79.384396,45.408603,-75.695007,,
Barrie,North Bay ,3,1,249km,22h25min,$50.50,11:50 AM,1:30PM-4PM-9:30PM-8:30AM,10:15 AM,44.387776,-79.690978,43.646652,-79.384396,46.504838,-80.938205,46.313901,-79.438546
Barrie,Hastings Highlands,3,1,272km,17h,$81.10,7:15 PM,8:50PM-7:30AM-9:45-10:15AM,12:15 PM,44.387776,-79.690978,43.646652,-79.384396,44.304691,-78.323045,45.231021,-77.937785
Barrie,London,3,2,253km,5h,$56.50,5:30 AM,7:05AM-8AM,10:30 AM,44.387776,-79.690978,43.646652,-79.384396,42.980546,-81.250705,,
Barrie,Hamilton,3,2,144km,6h,$31.70,5:30 AM,7:05AM-10AM,11:30 AM,44.387776,-79.690978,43.646652,-79.384396,43.253217,-79.869159,,
Barrie,Toronto,3,2,109km,1h40min,$13,11:50 AM,,1:30 PM,44.387776,-79.690978,43.646652,-79.384396,,,,
Barrie,Greater Sudbury,3,2,292km,9h40min,$55,11:50 AM,1:30PM-4PM,9:30 PM,44.387776,-79.690978,43.646652,-79.384396,46.504838,-80.938205,,
Barrie,Kitchener ,3,2,154km,5h10min,$22.40,11:50 AM,1:30PM-2PM,5:00 PM,44.387776,-79.690978,43.646652,-79.384396,43.449564,-80.492256,,
Barrie,Ottawa,3,2,412km,8h20,$87.20,5:30 AM,7:05AM-8:30AM,1:50 PM,44.387776,-79.690978,43.646652,-79.384396,45.408603,-75.695007,,
Barrie,North Bay ,3,2,249km,22h25min,$50.50,11:50 AM,1:30PM-4PM-9:30PM-8:30AM,10:15 AM,44.387776,-79.690978,43.646652,-79.384396,46.504838,-80.938205,46.313901,-79.438546
Barrie,Hastings Highlands,3,2,272km,17h,$81.10,7:15 PM,8:50PM-7:30AM-9:45-10:15AM,12:15 PM,44.387776,-79.690978,43.646652,-79.384396,44.304691,-78.323045,45.231021,-77.937785
Barrie,London,3,3,253km,5h40min,$53.20,11:50 AM,1:30PM-2:30PM,5:30 PM,44.387776,-79.690978,43.646652,-79.384396,42.980546,-81.250705,,
Barrie,Hamilton,3,3,144km,9h,$43.20,11:50 AM,1:30PM-2:30PM-3:15PM-8:05PM,8:50 PM,44.387776,-79.690978,43.646652,-79.384396,43.646652,-79.384396,43.253217,-79.869159
Barrie,Toronto,3,3,109km,1h40min,$18,11:50 AM,,1:30 PM,44.387776,-79.690978,43.646652,-79.384396,,,,
Barrie,Greater Sudbury,3,3,292km,9h40min,$71,11:50 AM,1:30PM-4PM,9:30 PM,44.387776,-79.690978,43.646652,-79.384396,46.504838,-80.938205,,
Barrie,Kitchener ,3,3,154km,5h10min,$31.40,11:50 AM,1:30PM-2PM,5:00 PM,44.387776,-79.690978,43.646652,-79.384396,43.449564,-80.492256,,
Barrie,Ottawa,3,3,412km,8h10min,$101.20,11:50 AM,1:30PM-2:30PM,8:00 PM,44.387776,-79.690978,43.646652,-79.384396,45.408603,-75.695007,,
Barrie,North Bay ,3,3,249km,22h25min,$65.00,11:50 AM,1:30PM-4PM-9:30PM-8:30AM,10:15 AM,44.387776,-79.690978,43.646652,-79.384396,46.504838,-80.938205,46.313901,-79.438546
Barrie,Hastings Highlands,3,3,272km,24h25min,$64.80,11:50 AM,1:30PM-2:30PM-4:45PM-10:15AM,12:15 PM,44.387776,-79.690978,43.646652,-79.384396,44.304691,-78.323045,45.231021,-77.937785
Barrie,London,3,4,253km,5h,$56.50,5:30 AM,7:05AM-8AM,10:30 AM,44.387776,-79.690978,43.646652,-79.384396,42.980546,-81.250705,,
Barrie,Hamilton,3,4,144km,6h,$31.70,5:30 AM,7:05AM-10AM,11:30 AM,44.387776,-79.690978,43.646652,-79.384396,43.253217,-79.869159,,
Barrie,Toronto,3,4,109km,1h40min,$13,11:50 AM,,1:30 PM,44.387776,-79.690978,43.646652,-79.384396,,,,
Barrie,Greater Sudbury,3,4,292km,9h40min,$55,11:50 AM,1:30PM-4PM,9:30 PM,44.387776,-79.690978,43.646652,-79.384396,46.504838,-80.938205,,
Barrie,Kitchener ,3,4,154km,5h10min,$22.40,11:50 AM,1:30PM-2PM,5:00 PM,44.387776,-79.690978,43.646652,-79.384396,43.449564,-80.492256,,
Barrie,Ottawa,3,4,412km,8h20,$87.20,5:30 AM,7:05AM-8:30AM,1:50 PM,44.387776,-79.690978,43.646652,-79.384396,45.408603,-75.695007,,
Barrie,North Bay ,3,4,249km,22h25min,$50.50,11:50 AM,1:30PM-4PM-9:30PM-8:30AM,10:15 AM,44.387776,-79.690978,43.646652,-79.384396,46.504838,-80.938205,46.313901,-79.438546
Barrie,Hastings Highlands,3,4,272km,17h,$81.10,7:15 PM,8:50PM-7:30AM-9:45-10:15AM,12:15 PM,44.387776,-79.690978,43.646652,-79.384396,44.304691,-78.323045,45.231021,-77.937785
Barrie,London,3,5,253km,5h40min,$53.20,11:50 AM,1:30PM-2:30PM,5:30 PM,44.387776,-79.690978,43.646652,-79.384396,42.980546,-81.250705,,
Barrie,Hamilton,3,5,144km,9h,$43.20,11:50 AM,1:30PM-2:30PM-3:15PM-8:05PM,8:50 PM,44.387776,-79.690978,43.646652,-79.384396,43.646652,-79.384396,43.253217,-79.869159
Barrie,Toronto,3,5,109km,1h40min,$18,11:50 AM,,1:30 PM,44.387776,-79.690978,43.646652,-79.384396,,,,
Barrie,Greater Sudbury,3,5,292km,9h40min,$71,11:50 AM,1:30PM-4PM,9:30 PM,44.387776,-79.690978,43.646652,-79.384396,46.504838,-80.938205,,
Barrie,Kitchener ,3,5,154km,5h10min,$31.40,11:50 AM,1:30PM-2PM,5:00 PM,44.387776,-79.690978,43.646652,-79.384396,43.449564,-80.492256,,
Barrie,Ottawa,3,5,412km,8h10min,$101.20,11:50 AM,1:30PM-2:30PM,8:00 PM,44.387776,-79.690978,43.646652,-79.384396,45.408603,-75.695007,,
Barrie,North Bay ,3,5,249km,22h25min,$65.00,11:50 AM,1:30PM-4PM-9:30PM-8:30AM,10:15 AM,44.387776,-79.690978,43.646652,-79.384396,46.504838,-80.938205,46.313901,-79.438546
Barrie,Hastings Highlands,3,5,272km,24h25min,$64.80,11:50 AM,1:30PM-2:30PM-4:45PM-10:15AM,12:15 PM,44.387776,-79.690978,43.646652,-79.384396,44.304691,-78.323045,45.231021,-77.937785
Ottawa,London,3,1,580km,9h45min,$75,12:45 AM,6AM-8AM,10:30 AM,45.408603,-75.695007,43.646652,-79.384396,42.980546,-81.250705,,
Ottawa,Hamilton,3,1,476km,10h45min,$65,12:45 AM,6AM-10AM,11:30 AM,45.408603,-75.695007,43.646652,-79.384396,43.253217,-79.869159,,
Ottawa,Toronto,3,1,450km,5h15min,$41,12:45 AM,,6:00 AM,45.408603,-75.695007,43.646652,-79.384396,,,,
Ottawa,Greater Sudbury,3,1,484km,7h45min,$56,10:00 AM,,5:45 PM,45.408603,-75.695007,46.504838,-80.938205,,,,
Ottawa,Kitchener ,3,1,502km,8h15min,$84.90,12:45 AM,6AM-6:45AM,9:00 AM,45.408603,-75.695007,43.646652,-79.384396,43.449564,-80.492256,,
Ottawa,Barrie,3,1,412km,10h20min,$87.20,7:00 AM,1:05PM-3:15PM,5:20 PM,45.408603,-75.695007,43.646652,-79.384396,44.387776,-79.690978,,
Ottawa,North Bay ,3,1,358km,5h20min,$59,10:00 AM,,3:20 PM,45.408603,-75.695007,46.313901,-79.438546,,,,
Ottawa,Hastings Highlands,3,1,289km,6h40min,$58.60,10:00 AM,12:05-2:30PM,4:40 PM,45.408603,-75.695007,45.826667,-77.110761,45.231021,-77.937785,,
Ottawa,London,3,2,580km,9h45min,$75,12:45 AM,6AM-8AM,10:30 AM,45.408603,-75.695007,43.646652,-79.384396,42.980546,-81.250705,,
Ottawa,Hamilton,3,2,476km,10h45min,$65,12:45 AM,6AM-10AM,11:30 AM,45.408603,-75.695007,43.646652,-79.384396,43.253217,-79.869159,,
Ottawa,Toronto,3,2,450km,6h5min,$51.50,7:00 AM,,1:05 PM,45.408603,-75.695007,43.646652,-79.384396,,,,
Ottawa,Greater Sudbury,3,2,484km,7h45min,$56,10:00 AM,,5:45 PM,45.408603,-75.695007,46.504838,-80.938205,,,,
Ottawa,Kitchener ,3,2,502km,10h,$100.90,7:00 AM,1:05PM-2PM,5:00 PM,45.408603,-75.695007,43.646652,-79.384396,43.449564,-80.492256,,
Ottawa,Barrie,3,2,412km,10h20min,$87.20,7:00 AM,1:05PM-3:15PM,5:20 PM,45.408603,-75.695007,43.646652,-79.384396,44.387776,-79.690978,,
Ottawa,North Bay ,3,2,358km,5h20min,$59,10:00 AM,,3:20 PM,45.408603,-75.695007,46.313901,-79.438546,,,,
Ottawa,Hastings Highlands,3,2,289km,6h40min,$58.60,10:00 AM,12:05-2:30PM,4:40 PM,45.408603,-75.695007,45.826667,-77.110761,45.231021,-77.937785,,
Ottawa,London,3,3,580km,9h45min,$113,12:45 AM,6AM-8AM,10:30 AM,45.408603,-75.695007,43.646652,-79.384396,42.980546,-81.250705,,
Ottawa,Hamilton,3,3,476km,7h50min,$80,1:00 PM,5:40PM-7:15PM,8:50 PM,45.408603,-75.695007,43.775108,-79.254744,43.253217,-79.869159,,
Ottawa,Toronto,3,3,450km,6h5min,$55.00,7:00 AM,,1:05 PM,45.408603,-75.695007,43.646652,-79.384396,,,,
Ottawa,Greater Sudbury,3,3,484km,7h45min,$88,10:00 AM,,5:45 PM,45.408603,-75.695007,46.504838,-80.938205,,,,
Ottawa,Kitchener ,3,3,502km,10h,$127.40,7:00 AM,1:05PM-2PM,5:00 PM,45.408603,-75.695007,43.646652,-79.384396,43.449564,-80.492256,,
Ottawa,Barrie,3,3,412km,10h20min,$110.20,7:00 AM,1:05PM-3:15PM,5:20 PM,45.408603,-75.695007,43.646652,-79.384396,44.387776,-79.690978,,
Ottawa,North Bay ,3,3,358km,5h20min,$89,10:00 AM,,3:20 PM,45.408603,-75.695007,46.313901,-79.438546,,,,
Ottawa,Hastings Highlands,3,3,289km,6h40min,$58.60,10:00 AM,12:05-2:30PM,4:40 PM,45.408603,-75.695007,45.826667,-77.110761,45.231021,-77.937785,,
Ottawa,London,3,4,580km,9h45min,$75,12:45 AM,6AM-8AM,10:30 AM,45.408603,-75.695007,43.646652,-79.384396,42.980546,-81.250705,,
Ottawa,Hamilton,3,4,476km,10h45min,$65,12:45 AM,6AM-10AM,11:30 AM,45.408603,-75.695007,43.646652,-79.384396,43.253217,-79.869159,,
Ottawa,Toronto,3,4,450km,6h5min,$51.50,7:00 AM,,1:05 PM,45.408603,-75.695007,43.646652,-79.384396,,,,
Ottawa,Greater Sudbury,3,4,484km,7h45min,$56,10:00 AM,,5:45 PM,45.408603,-75.695007,46.504838,-80.938205,,,,
Ottawa,Kitchener ,3,4,502km,10h,$100.90,7:00 AM,1:05PM-2PM,5:00 PM,45.408603,-75.695007,43.646652,-79.384396,43.449564,-80.492256,,
Ottawa,Barrie,3,4,412km,10h20min,$87.20,7:00 AM,1:05PM-3:15PM,5:20 PM,45.408603,-75.695007,43.646652,-79.384396,44.387776,-79.690978,,
Ottawa,North Bay ,3,4,358km,5h20min,$59,10:00 AM,,3:20 PM,45.408603,-75.695007,46.313901,-79.438546,,,,
Ottawa,Hastings Highlands,3,4,289km,6h40min,$58.60,10:00 AM,12:05-2:30PM,4:40 PM,45.408603,-75.695007,45.826667,-77.110761,45.231021,-77.937785,,
Ottawa,London,3,5,580km,9h45min,$113,12:45 AM,6AM-8AM,10:30 AM,45.408603,-75.695007,43.646652,-79.384396,42.980546,-81.250705,,
Ottawa,Hamilton,3,5,476km,7h50min,$80,1:00 PM,5:40PM-7:15PM,8:50 PM,45.408603,-75.695007,43.775108,-79.254744,43.253217,-79.869159,,
Ottawa,Toronto,3,5,450km,6h5min,$55.00,7:00 AM,,1:05 PM,45.408603,-75.695007,43.646652,-79.384396,,,,
Ottawa,Greater Sudbury,3,5,484km,7h45min,$88,10:00 AM,,5:45 PM,45.408603,-75.695007,46.504838,-80.938205,,,,
Ottawa,Kitchener ,3,5,502km,10h,$127.40,7:00 AM,1:05PM-2PM,5:00 PM,45.408603,-75.695007,43.646652,-79.384396,43.449564,-80.492256,,
Ottawa,Barrie,3,5,412km,10h20min,$110.20,7:00 AM,1:05PM-3:15PM,5:20 PM,45.408603,-75.695007,43.646652,-79.384396,44.387776,-79.690978,,
Ottawa,North Bay ,3,5,358km,5h20min,$89,10:00 AM,,3:20 PM,45.408603,-75.695007,46.313901,-79.438546,,,,
Ottawa,Hastings Highlands,3,5,289km,6h40min,$58.60,10:00 AM,12:05-2:30PM,4:40 PM,45.408603,-75.695007,45.826667,-77.110761,45.231021,-77.937785,,
North Bay ,London,3,1,496km,25h40min,$90.40,3:50 PM,5:45PM-9AM-1:35PM-3:15PM,5:30 PM,46.313901,-79.438546,46.504838,-80.938205,43.646652,-79.384396,42.980546,-81.250705
North Bay ,Hamilton,3,1,392km,29h,$72.70,3:50 PM,5:45PM-9AM-1:35PM-8:05PM,8:50 PM,46.313901,-79.438546,46.504838,-80.938205,43.646652,-79.384396,43.253217,-79.869159
North Bay ,Toronto,3,1,357km ,22h40min,$90.40,3:50 PM,5:45PM-9AM,2:30 PM,46.313901,-79.438546,46.504838,-80.938205,43.646652,-79.384396,,
North Bay ,Greater Sudbury,3,1,127km,1h55min,$25.60,3:50 PM,,5:45 PM,46.313901,-79.438546,46.504838,-80.938205,,,,
North Bay ,Kitchener ,3,1,402km,26h5min,$122.20,3:50 PM,5:45PM-9AM-2:30PM-3:30PM,5:55 PM,46.313901,-79.438546,46.504838,-80.938205,43.646652,-79.384396,43.449564,-80.492256
North Bay ,Barrie,3,1,249km,25h30min,$59,3:50 PM,5:45PM-9AM-2:30PM-3:15PM,5:20 PM,46.313901,-79.438546,46.504838,-80.938205,43.646652,-79.384396,44.387776,-79.690978
North Bay ,Ottawa,3,1,359km,5h20min,$73.50,10:45 AM,,4:05 PM,46.313901,-79.438546,45.408603,-75.695007,,,,
North Bay ,Hastings Highlands,3,1,318km,5h55min,$81,10:45 AM,1:40PM-2:30PM,4:40 PM,46.313901,-79.438546,45.826667,-77.110761,45.231021,-77.937785,,
North Bay ,London,3,2,496km,25h40min,$90.40,3:50 PM,5:45PM-9AM-1:35PM-3:15PM,5:30 PM,46.313901,-79.438546,46.504838,-80.938205,43.646652,-79.384396,42.980546,-81.250705
North Bay ,Hamilton,3,2,392km,29h,$72.70,3:50 PM,5:45PM-9AM-1:35PM-8:05PM,8:50 PM,46.313901,-79.438546,46.504838,-80.938205,43.646652,-79.384396,43.253217,-79.869159
North Bay ,Toronto,3,2,357km ,22h40min,$90.40,3:50 PM,5:45PM-9AM,2:30 PM,46.313901,-79.438546,46.504838,-80.938205,43.646652,-79.384396,,
North Bay ,Greater Sudbury,3,2,127km,1h55min,$25.60,3:50 PM,,5:45 PM,46.313901,-79.438546,46.504838,-80.938205,,,,
North Bay ,Kitchener ,3,2,402km,26h5min,$122.20,3:50 PM,5:45PM-9AM-2:30PM-3:30PM,5:55 PM,46.313901,-79.438546,46.504838,-80.938205,43.646652,-79.384396,43.449564,-80.492256
North Bay ,Barrie,3,2,249km,25h30min,$59,3:50 PM,5:45PM-9AM-2:30PM-3:15PM,5:20 PM,46.313901,-79.438546,46.504838,-80.938205,43.646652,-79.384396,44.387776,-79.690978
North Bay ,Ottawa,3,2,359km,5h20min,$73.50,10:45 AM,,4:05 PM,46.313901,-79.438546,45.408603,-75.695007,,,,
North Bay ,Hastings Highlands,3,2,318km,5h55min,$81,10:45 AM,1:40PM-2:30PM,4:40 PM,46.313901,-79.438546,45.826667,-77.110761,45.231021,-77.937785,,
North Bay ,London,3,3,496km,25h40min,$88.40,3:50 PM,5:45PM-9AM-1:35PM-3:15PM,5:30 PM,46.313901,-79.438546,46.504838,-80.938205,43.646652,-79.384396,42.980546,-81.250705
North Bay ,Hamilton,3,3,392km,29h,$94.20,3:50 PM,5:45PM-9AM-1:35PM-8:05PM,8:50 PM,46.313901,-79.438546,46.504838,-80.938205,43.646652,-79.384396,43.253217,-79.869159
North Bay ,Toronto,3,3,357km ,22h40min,$116.90,3:50 PM,5:45PM-9AM,2:30 PM,46.313901,-79.438546,46.504838,-80.938205,43.646652,-79.384396,,
North Bay ,Greater Sudbury,3,3,127km,1h55min,$33.60,3:50 PM,,5:45 PM,46.313901,-79.438546,46.504838,-80.938205,,,,
North Bay ,Kitchener ,3,3,402km,26h5min,$134.70,3:50 PM,5:45PM-9AM-2:30PM-3:30PM,5:55 PM,46.313901,-79.438546,46.504838,-80.938205,43.646652,-79.384396,43.449564,-80.492256
North Bay ,Barrie,3,3,249km,25h30min,$65,3:50 PM,5:45PM-9AM-2:30PM-3:15PM,5:20 PM,46.313901,-79.438546,46.504838,-80.938205,43.646652,-79.384396,44.387776,-79.690978
North Bay ,Ottawa,3,3,359km,5h20min,$81.00,10:45 AM,,4:05 PM,46.313901,-79.438546,45.408603,-75.695007,,,,
North Bay ,Hastings Highlands,3,3,318km,5h55min,$81,10:45 AM,1:40PM-2:30PM,4:40 PM,46.313901,-79.438546,45.826667,-77.110761,45.231021,-77.937785,,
North Bay ,London,3,4,496km,25h40min,$90.40,3:50 PM,5:45PM-9AM-1:35PM-3:15PM,5:30 PM,46.313901,-79.438546,46.504838,-80.938205,43.646652,-79.384396,42.980546,-81.250705
North Bay ,Hamilton,3,4,392km,29h,$72.70,3:50 PM,5:45PM-9AM-1:35PM-8:05PM,8:50 PM,46.313901,-79.438546,46.504838,-80.938205,43.646652,-79.384396,43.253217,-79.869159
North Bay ,Toronto,3,4,357km ,22h40min,$90.40,3:50 PM,5:45PM-9AM,2:30 PM,46.313901,-79.438546,46.504838,-80.938205,43.646652,-79.384396,,
North Bay ,Greater Sudbury,3,4,127km,1h55min,$25.60,3:50 PM,,5:45 PM,46.313901,-79.438546,46.504838,-80.938205,,,,
North Bay ,Kitchener ,3,4,402km,26h5min,$122.20,3:50 PM,5:45PM-9AM-2:30PM-3:30PM,5:55 PM,46.313901,-79.438546,46.504838,-80.938205,43.646652,-79.384396,43.449564,-80.492256
North Bay ,Barrie,3,4,249km,25h30min,$59,3:50 PM,5:45PM-9AM-2:30PM-3:15PM,5:20 PM,46.313901,-79.438546,46.504838,-80.938205,43.646652,-79.384396,44.387776,-79.690978
North Bay ,Ottawa,3,4,359km,5h20min,$73.50,10:45 AM,,4:05 PM,46.313901,-79.438546,45.408603,-75.695007,,,,
North Bay ,Hastings Highlands,3,4,318km,5h55min,$81,10:45 AM,1:40PM-2:30PM,4:40 PM,46.313901,-79.438546,45.826667,-77.110761,45.231021,-77.937785,,
North Bay ,London,3,5,496km,25h40min,$88.40,3:50 PM,5:45PM-9AM-1:35PM-3:15PM,5:30 PM,46.313901,-79.438546,46.504838,-80.938205,43.646652,-79.384396,42.980546,-81.250705
North Bay ,Hamilton,3,5,392km,29h,$94.20,3:50 PM,5:45PM-9AM-1:35PM-8:05PM,8:50 PM,46.313901,-79.438546,46.504838,-80.938205,43.646652,-79.384396,43.253217,-79.869159
North Bay ,Toronto,3,5,357km ,22h40min,$116.90,3:50 PM,5:45PM-9AM,2:30 PM,46.313901,-79.438546,46.504838,-80.938205,43.646652,-79.384396,,
North Bay ,Greater Sudbury,3,5,127km,1h55min,$33.60,3:50 PM,,5:45 PM,46.313901,-79.438546,46.504838,-80.938205,,,,
North Bay ,Kitchener ,3,5,402km,26h5min,$134.70,3:50 PM,5:45PM-9AM-2:30PM-3:30PM,5:55 PM,46.313901,-79.438546,46.504838,-80.938205,43.646652,-79.384396,43.449564,-80.492256
North Bay ,Barrie,3,5,249km,25h30min,$65,3:50 PM,5:45PM-9AM-2:30PM-3:15PM,5:20 PM,46.313901,-79.438546,46.504838,-80.938205,43.646652,-79.384396,44.387776,-79.690978
North Bay ,Ottawa,3,5,359km,5h20min,$81.00,10:45 AM,,4:05 PM,46.313901,-79.438546,45.408603,-75.695007,,,,
North Bay ,Hastings Highlands,3,5,318km,5h55min,$81,10:45 AM,1:40PM-2:30PM,4:40 PM,46.313901,-79.438546,45.826667,-77.110761,45.231021,-77.937785,,
Hastings Highlands,London,3,1,N/A,,,,,,,,,,,,,
Hastings Highlands,Hamilton,3,1,N/A,,,,,,,,,,,,,
Hastings Highlands,Toronto,3,1,N/A,,,,,,,,,,,,,
Hastings Highlands,Greater Sudbury,3,1,N/A,,,,,,,,,,,,,
Hastings Highlands,Kitchener ,3,1,N/A,,,,,,,,,,,,,
Hastings Highlands,Barrie,3,1,N/A,,,,,,,,,,,,,
Hastings Highlands,Ottawa,3,1,N/A,,,,,,,,,,,,,
Hastings Highlands,North Bay ,3,1,N/A,,,,,,,,,,,,,
Hastings Highlands,London,3,2,N/A,,,,,,,,,,,,,
Hastings Highlands,Hamilton,3,2,N/A,,,,,,,,,,,,,
Hastings Highlands,Toronto,3,2,N/A,,,,,,,,,,,,,
Hastings Highlands,Greater Sudbury,3,2,N/A,,,,,,,,,,,,,
Hastings Highlands,Kitchener ,3,2,N/A,,,,,,,,,,,,,
Hastings Highlands,Barrie,3,2,N/A,,,,,,,,,,,,,
Hastings Highlands,Ottawa,3,2,N/A,,,,,,,,,,,,,
Hastings Highlands,North Bay ,3,2,N/A,,,,,,,,,,,,,
Hastings Highlands,London,3,3,N/A,,,,,,,,,,,,,
Hastings Highlands,Hamilton,3,3,N/A,,,,,,,,,,,,,
Hastings Highlands,Toronto,3,3,N/A,,,,,,,,,,,,,
Hastings Highlands,Greater Sudbury,3,3,N/A,,,,,,,,,,,,,
Hastings Highlands,Kitchener ,3,3,N/A,,,,,,,,,,,,,
Hastings Highlands,Barrie,3,3,N/A,,,,,,,,,,,,,
Hastings Highlands,Ottawa,3,3,N/A,,,,,,,,,,,,,
Hastings Highlands,North Bay ,3,3,N/A,,,,,,,,,,,,,
Hastings Highlands,London,3,4,N/A,,,,,,,,,,,,,
Hastings Highlands,Hamilton,3,4,N/A,,,,,,,,,,,,,
Hastings Highlands,Toronto,3,4,N/A,,,,,,,,,,,,,
Hastings Highlands,Greater Sudbury,3,4,N/A,,,,,,,,,,,,,
Hastings Highlands,Kitchener ,3,4,N/A,,,,,,,,,,,,,
Hastings Highlands,Barrie,3,4,N/A,,,,,,,,,,,,,
Hastings Highlands,Ottawa,3,4,N/A,,,,,,,,,,,,,
Hastings Highlands,North Bay ,3,4,N/A,,,,,,,,,,,,,
Hastings Highlands,London,3,5,N/A,,,,,,,,,,,,,
Hastings Highlands,Hamilton,3,5,N/A,,,,,,,,,,,,,
Hastings Highlands,Toronto,3,5,N/A,,,,,,,,,,,,,
Hastings Highlands,Greater Sudbury,3,5,N/A,,,,,,,,,,,,,
Hastings Highlands,Kitchener ,3,5,N/A,,,,,,,,,,,,,
Hastings Highlands,Barrie,3,5,N/A,,,,,,,,,,,,,
Hastings Highlands,Ottawa,3,5,N/A,,,,,,,,,,,,,
Hastings Highlands,North Bay ,3,5,N/A,,,,,,,,,,,,,
Peterborough,London,3,1,338km,7h50min,$55.10,5:30 AM,7:45AM-10:45AM,1:20 PM,44.304691,-78.323045,43.646652,-79.384396,42.980546,-81.250705,,
Peterborough,Hamilton,3,1,204km,6h,$40.30,5:30 AM,7:45AM-10AM,11:30 AM,44.304691,-78.323045,43.646652,-79.384396,43.253217,-79.869159,,
Peterborough,Toronto,3,1,146km,2h15min,$13.90,5:30 AM,,7:45 AM,44.304691,-78.323045,43.646652,-79.384396,,,,
Peterborough,Greater Sudbury,3,1,398km,9h29min,$74.70,12:01 PM,1:45PM-4PM,9:30 PM,44.304691,-78.323045,43.646652,-79.384396,46.504838,-80.938205,,
Peterborough,Kitchener ,3,1,230km,4h55min,$22.50,5:30 AM,7:45AM-8:30AM ,10:25 AM,44.304691,-78.323045,43.646652,-79.384396,43.449564,-80.492256,,
Peterborough,Barrie,3,1,217km,5h19min,$40.30,12:01 PM,1:45PM-3:15PM,5:20 PM,44.304691,-78.323045,43.646652,-79.384396,44.387776,-79.690978,,
Peterborough,Ottawa,3,1,268km,4h35min,$47.20,9:50 AM,,2:25 PM,44.304691,-78.323045,45.408603,-75.695007,,,,
Peterborough,North Bay ,3,1,320km,29h5min,$109.60,10:15 AM,2:20PM-12:10PM,3:20 PM,44.304691,-78.323045,45.826667,-77.110761,46.313901,-79.438546,,
Peterborough,Port Colborne,3,1,283km,6h35min,$28,5:30 AM,7:45AM-9:30AM,12:05 PM,44.304691,-78.323045,43.646652,-79.384396,42.886312,-79.251721,,
Peterborough,Hastings Highlands,3,1,128km,2h,$32.60,10:15 AM,,12:15 PM,44.304691,-78.323045,45.231021,-77.937785,,,,
Peterborough,London,3,2,338km,7h50min,$55.10,5:30 AM,7:45AM-10:45AM,1:20 PM,44.304691,-78.323045,43.646652,-79.384396,42.980546,-81.250705,,
Peterborough,Hamilton,3,2,204km,6h,$40.30,5:30 AM,7:45AM-10AM,11:30 AM,44.304691,-78.323045,43.646652,-79.384396,43.253217,-79.869159,,
Peterborough,Toronto,3,2,146km,1h50min,$14.90,11:15 AM,,1:05 PM,44.304691,-78.323045,43.646652,-79.384396,,,,
Peterborough,Greater Sudbury,3,2,398km,9h29min,$74.70,12:01 PM,1:45PM-4PM,9:30 PM,44.304691,-78.323045,43.646652,-79.384396,46.504838,-80.938205,,
Peterborough,Kitchener ,3,2,230km,5h45min,$25,11:15 AM,1:05PM-2PM,5:00 PM,44.304691,-78.323045,43.646652,-79.384396,43.449564,-80.492256,,
Peterborough,Barrie,3,2,217km,5h19min,$40.30,12:01 PM,1:45PM-3:15PM,5:20 PM,44.304691,-78.323045,43.646652,-79.384396,44.387776,-79.690978,,
Peterborough,Ottawa,3,2,268km,4h35min,$47.20,9:50 AM,,2:25 PM,44.304691,-78.323045,45.408603,-75.695007,,,,
Peterborough,North Bay ,3,2,320km,29h5min,$109.60,10:15 AM,2:20PM-12:10PM,3:20 PM,44.304691,-78.323045,45.826667,-77.110761,46.313901,-79.438546,,
Peterborough,Port Colborne,3,2,283km,6h35min,$28,5:30 AM,7:45AM-9:30AM,12:05 PM,44.304691,-78.323045,43.646652,-79.384396,42.886312,-79.251721,,
Peterborough,Hastings Highlands,3,2,128km,2h,$32.60,10:15 AM,,12:15 PM,44.304691,-78.323045,45.231021,-77.937785,,,,
Peterborough,London,3,3,338km,5h29min,$62.09,12:01 PM,1:45PM-2:30PM,5:30 PM,44.304691,-78.323045,43.646652,-79.384396,42.980546,-81.250705,,
Peterborough,Hamilton,3,3,204km,4h20min,$53.40,4:30 PM,6:20PM-7:15PM,8:50 PM,44.304691,-78.323045,43.775108,-79.254744,43.253217,-79.869159,,
Peterborough,Toronto,3,3,146km,1h50min,$17.90,11:15 AM,,1:05 PM,44.304691,-78.323045,43.646652,-79.384396,,,,
Peterborough,Greater Sudbury,3,3,398km,9h29min,$83.70,12:01 PM,1:45PM-4PM,9:30 PM,44.304691,-78.323045,43.646652,-79.384396,46.504838,-80.938205,,
Peterborough,Kitchener ,3,3,230km,5h45min,$29,11:15 AM,1:05PM-2PM,5:00 PM,44.304691,-78.323045,43.646652,-79.384396,43.449564,-80.492256,,
Peterborough,Barrie,3,3,217km,5h19min,$46.30,12:01 PM,1:45PM-3:15PM,5:20 PM,44.304691,-78.323045,43.646652,-79.384396,44.387776,-79.690978,,
Peterborough,Ottawa,3,3,268km,4h35min,$53.20,9:50 AM,,2:25 PM,44.304691,-78.323045,45.408603,-75.695007,,,,
Peterborough,North Bay ,3,3,320km,29h5min,$109.60,10:15 AM,2:20PM-12:10PM,3:20 PM,44.304691,-78.323045,45.826667,-77.110761,46.313901,-79.438546,,
Peterborough,Port Colborne,3,3,283km,8h20min,$34,11:15 AM,1:05PM-5:15PM,7:35 PM,44.304691,-78.323045,43.646652,-79.384396,42.886312,-79.251721,,
Peterborough,Hastings Highlands,3,3,128km,2h,$32.60,10:15 AM,,12:15 PM,44.304691,-78.323045,45.231021,-77.937785,,,,
Peterborough,London,3,4,338km,7h50min,$55.10,5:30 AM,7:45AM-10:45AM,1:20 PM,44.304691,-78.323045,43.646652,-79.384396,42.980546,-81.250705,,
Peterborough,Hamilton,3,4,204km,6h,$40.30,5:30 AM,7:45AM-10AM,11:30 AM,44.304691,-78.323045,43.646652,-79.384396,43.253217,-79.869159,,
Peterborough,Toronto,3,4,146km,1h50min,$14.90,11:15 AM,,1:05 PM,44.304691,-78.323045,43.646652,-79.384396,,,,
Peterborough,Greater Sudbury,3,4,398km,9h29min,$74.70,12:01 PM,1:45PM-4PM,9:30 PM,44.304691,-78.323045,43.646652,-79.384396,46.504838,-80.938205,,
Peterborough,Kitchener ,3,4,230km,4h55min,$22.50,5:30 AM,7:45AM-8:30AM ,10:25 AM,44.304691,-78.323045,43.646652,-79.384396,43.449564,-80.492256,,
Peterborough,Barrie,3,4,217km,5h19min,$40.30,12:01 PM,1:45PM-3:15PM,5:20 PM,44.304691,-78.323045,43.646652,-79.384396,44.387776,-79.690978,,
Peterborough,Ottawa,3,4,268km,4h35min,$47.20,9:50 AM,,2:25 PM,44.304691,-78.323045,45.408603,-75.695007,,,,
Peterborough,North Bay ,3,4,320km,29h5min,$109.60,10:15 AM,2:20PM-12:10PM,3:20 PM,44.304691,-78.323045,45.826667,-77.110761,46.313901,-79.438546,,
Peterborough,Port Colborne,3,4,283km,6h35min,$28,5:30 AM,7:45AM-9:30AM,12:05 PM,44.304691,-78.323045,43.646652,-79.384396,42.886312,-79.251721,,
Peterborough,Hastings Highlands,3,4,128km,2h,$32.60,10:15 AM,,12:15 PM,44.304691,-78.323045,45.231021,-77.937785,,,,
Peterborough,London,3,5,338km,5h29min,$62.09,12:01 PM,1:45PM-2:30PM,5:30 PM,44.304691,-78.323045,43.646652,-79.384396,42.980546,-81.250705,,
Peterborough,Hamilton,3,5,204km,4h20min,$53.40,4:30 PM,6:20PM-7:15PM,8:50 PM,44.304691,-78.323045,43.775108,-79.254744,43.253217,-79.869159,,
Peterborough,Toronto,3,5,146km,1h50min,$17.90,11:15 AM,,1:05 PM,44.304691,-78.323045,43.646652,-79.384396,,,,
Peterborough,Greater Sudbury,3,5,398km,9h29min,$83.70,12:01 PM,1:45PM-4PM,9:30 PM,44.304691,-78.323045,43.646652,-79.384396,46.504838,-80.938205,,
Peterborough,Kitchener ,3,5,230km,5h45min,$29,11:15 AM,1:05PM-2PM,5:00 PM,44.304691,-78.323045,43.646652,-79.384396,43.449564,-80.492256,,
Peterborough,Barrie,3,5,217km,5h19min,$46.30,12:01 PM,1:45PM-3:15PM,5:20 PM,44.304691,-78.323045,43.646652,-79.384396,44.387776,-79.690978,,
Peterborough,Ottawa,3,5,268km,4h35min,$53.20,9:50 AM,,2:25 PM,44.304691,-78.323045,45.408603,-75.695007,,,,
Peterborough,North Bay ,3,5,320km,29h5min,$109.60,10:15 AM,2:20PM-12:10PM,3:20 PM,44.304691,-78.323045,45.826667,-77.110761,46.313901,-79.438546,,
Peterborough,Port Colborne,3,5,283km,8h20min,$34,11:15 AM,1:05PM-5:15PM,7:35 PM,44.304691,-78.323045,43.646652,-79.384396,42.886312,-79.251721,,
Peterborough,Hastings Highlands,3,5,128km,2h,$32.60,10:15 AM,,12:15 PM,44.304691,-78.323045,45.231021,-77.937785,,,,
London,Peterborough,3,1,339km,5h45min,$55.10,4:00 AM,6:35AM-7:30AM,9:45 AM,42.980546,-81.250705,43.646652,-79.384396,44.304691,-78.323045,,
Hamilton,Peterborough,3,1,205km,5h45min,$40.30,11:00 AM,12:15PM-2:30PM,4:45 PM,43.253217,-79.869159,43.646652,-79.384396,44.304691,-78.323045,,
Toronto,Peterborough,3,1,145km,2h15min,$13.90,7:30 AM,,9:45 AM,43.646652,-79.384396,44.304691,-78.323045,,,,
Greater Sudbury,Peterborough,3,1,398km,9h50min,$74.70,9:00 AM,2:30PM-4PM,6:50 PM,46.504838,-80.938205,43.646652,-79.384396,44.304691,-78.323045,,
Kitchener ,Peterborough,3,1,232km,4h45min,$22.50,5:00 AM,7AM-7:30AM ,9:45 AM,43.449564,-80.492256,43.646652,-79.384396,44.304691,-78.323045,,
Barrie,Peterborough,3,1,217km,6h,$40.30,5:30 AM,7:05AM-9:30AM,11:30 AM,44.387776,-79.690978,43.646652,-79.384396,44.304691,-78.323045,,
Ottawa,Peterborough,3,1,268km,4h5min,$47.20,7:00 AM,,11:05 AM,45.408603,-75.695007,44.304691,-78.323045,,,,
North Bay ,Peterborough,3,1,321km,7h55min,$83.70,10:45 AM,1:40PM-2:30PM,6:40 PM,46.313901,-79.438546,45.826667,-77.110761,44.304691,-78.323045,,
Port Colborne,Peterborough,3,1,283km,6h5min,$28,5:25 AM,8:05AM-9:30AM,11:30 AM,42.886312,-79.251721,43.646652,-79.384396,44.304691,-78.323045,,
Hastings Highlands,Peterborough,3,1,N/A,,,,,,,,,,,,,
London,Peterborough,3,2,339km,6h,$55.10,10:45 AM,1:30PM-2:30PM,4:45 PM,42.980546,-81.250705,43.646652,-79.384396,44.304691,-78.323045,,
Hamilton,Peterborough,3,2,205km,5h45min,$40.30,11:00 AM,12:15PM-2:30PM,4:45 PM,43.253217,-79.869159,43.646652,-79.384396,44.304691,-78.323045,,
Toronto,Peterborough,3,2,145km ,2h,$13.90,9:30 AM,,11:30 AM,43.646652,-79.384396,44.304691,-78.323045,,,,
Greater Sudbury,Peterborough,3,2,398km,9h50min,$74.70,9:00 AM,2:30PM-4PM,6:50 PM,46.504838,-80.938205,43.646652,-79.384396,44.304691,-78.323045,,
Kitchener ,Peterborough,3,2,232km,7h15min,$25,9:30 AM,11:35AM-2:30PM,4:45 PM,43.449564,-80.492256,43.646652,-79.384396,44.304691,-78.323045,,
Barrie,Peterborough,3,2,217km,4h55min,$40.30,11:50 AM,1:30PM-2:30PM,4:45 PM,44.387776,-79.690978,43.646652,-79.384396,44.304691,-78.323045,,
Ottawa,Peterborough,3,2,268km,4h5min,$47.20,7:00 AM,,11:05 AM,45.408603,-75.695007,44.304691,-78.323045,,,,
North Bay ,Peterborough,3,2,321km,7h55min,$83.70,10:45 AM,1:40PM-2:30PM,6:40 PM,46.313901,-79.438546,45.826667,-77.110761,44.304691,-78.323045,,
Port Colborne,Peterborough,3,2,283km,6h5min,$28,5:25 AM,8:05AM-9:30AM,11:30 AM,42.886312,-79.251721,43.646652,-79.384396,44.304691,-78.323045,,
Hastings Highlands,Peterborough,3,2,N/A,,,,,,,,,,,,,
London,Peterborough,3,3,339km,6h,$62.10,10:45 AM,1:30PM-2:30PM,4:45 PM,42.980546,-81.250705,43.646652,-79.384396,44.304691,-78.323045,,
Hamilton,Peterborough,3,3,205km,5h45min,$46.30,11:00 AM,12:15PM-2:30PM,4:45 PM,43.253217,-79.869159,43.646652,-79.384396,44.304691,-78.323045,,
Toronto,Peterborough,3,3,145km,2h15min,$20.40,7:30 AM,,9:45 AM,43.646652,-79.384396,44.304691,-78.323045,,,,
Greater Sudbury,Peterborough,3,3,398km,9h50min,$83.70,9:00 AM,2:30PM-4PM,6:50 PM,46.504838,-80.938205,43.646652,-79.384396,44.304691,-78.323045,,
Kitchener ,Peterborough,3,3,232km,7h15min,$25,9:30 AM,11:35AM-2:30PM,4:45 PM,43.449564,-80.492256,43.646652,-79.384396,44.304691,-78.323045,,
Barrie,Peterborough,3,3,217km,4h55min,$46.30,11:50 AM,1:30PM-2:30PM,4:45 PM,44.387776,-79.690978,43.646652,-79.384396,44.304691,-78.323045,,
Ottawa,Peterborough,3,3,268km,4h5min,$53.20,7:00 AM,,11:05 AM,45.408603,-75.695007,44.304691,-78.323045,,,,
North Bay ,Peterborough,3,3,321km,7h55min,$83.70,10:45 AM,1:40PM-2:30PM,6:40 PM,46.313901,-79.438546,45.826667,-77.110761,44.304691,-78.323045,,
Port Colborne,Peterborough,3,3,283km,11h20min,$29,5:25 AM,8:05AM-2:30PM,4:45 PM,42.886312,-79.251721,43.646652,-79.384396,44.304691,-78.323045,,
Hastings Highlands,Peterborough,3,3,N/A,,,,,,,,,,,,,
London,Peterborough,3,4,339km,5h45min,$55.10,4:00 AM,6:35AM-7:30AM,9:45 AM,42.980546,-81.250705,43.646652,-79.384396,44.304691,-78.323045,,
Hamilton,Peterborough,3,4,205km,5h45min,$40.30,11:00 AM,12:15PM-2:30PM,4:45 PM,43.253217,-79.869159,43.646652,-79.384396,44.304691,-78.323045,,
Toronto,Peterborough,3,4,145km ,2h,$13.90,9:30 AM,,11:30 AM,43.646652,-79.384396,44.304691,-78.323045,,,,
Greater Sudbury,Peterborough,3,4,398km,9h50min,$74.70,9:00 AM,2:30PM-4PM,6:50 PM,46.504838,-80.938205,43.646652,-79.384396,44.304691,-78.323045,,
Kitchener ,Peterborough,3,4,232km,5h5min,$22.50,6:25 AM,8:20AM-9:30AM,11:30 AM,43.449564,-80.492256,43.646652,-79.384396,44.304691,-78.323045,,
Barrie,Peterborough,3,4,217km,6h,$40.30,5:30 AM,7:05AM-9:30AM,11:30 AM,44.387776,-79.690978,43.646652,-79.384396,44.304691,-78.323045,,
Ottawa,Peterborough,3,4,268km,4h5min,$47.20,7:00 AM,,11:05 AM,45.408603,-75.695007,44.304691,-78.323045,,,,
North Bay ,Peterborough,3,4,321km,7h55min,$83.70,10:45 AM,1:40PM-2:30PM,6:40 PM,46.313901,-79.438546,45.826667,-77.110761,44.304691,-78.323045,,
Port Colborne,Peterborough,3,4,283km,6h5min,$28,5:25 AM,8:05AM-9:30AM,11:30 AM,42.886312,-79.251721,43.646652,-79.384396,44.304691,-78.323045,,
Hastings Highlands,Peterborough,3,4,N/A,,,,,,,,,,,,,
London,Peterborough,3,5,339km,5h45min,$62.10,4:00 AM,6:35AM-7:30AM,9:45 AM,42.980546,-81.250705,43.646652,-79.384396,44.304691,-78.323045,,
Hamilton,Peterborough,3,5,205km,5h45min,$46.30,11:00 AM,12:15PM-2:30PM,4:45 PM,43.253217,-79.869159,43.646652,-79.384396,44.304691,-78.323045,,
Toronto,Peterborough,3,5,145km,2h15min,$20.40,7:30 AM,,9:45 AM,43.646652,-79.384396,44.304691,-78.323045,,,,
Greater Sudbury,Peterborough,3,5,398km,9h50min,$83.70,9:00 AM,2:30PM-4PM,6:50 PM,46.504838,-80.938205,43.646652,-79.384396,44.304691,-78.323045,,
Kitchener ,Peterborough,3,5,232km,7h15min,$34,9:30 AM,11:35AM-2:30PM,4:45 PM,43.449564,-80.492256,43.646652,-79.384396,44.304691,-78.323045,,
Barrie,Peterborough,3,5,217km,4h55min,$46.30,11:50 AM,1:30PM-2:30PM,4:45 PM,44.387776,-79.690978,43.646652,-79.384396,44.304691,-78.323045,,
Ottawa,Peterborough,3,5,268km,4h5min,$53.20,7:00 AM,,11:05 AM,45.408603,-75.695007,44.304691,-78.323045,,,,
North Bay ,Peterborough,3,5,321km,7h55min,$83.70,10:45 AM,1:40PM-2:30PM,6:40 PM,46.313901,-79.438546,45.826667,-77.110761,44.304691,-78.323045,,
Port Colborne,Peterborough,3,5,283km,11h20min,$29,5:25 AM,8:05AM-2:30PM,4:45 PM,42.886312,-79.251721,43.646652,-79.384396,44.304691,-78.323045,,
Hastings Highlands,Peterborough,3,5,N/A,,,,,,,,,,,,,
Port Colborne,London,3,1,198km,9h,$37.00,5:25 AM,8:05AM-10AM,2:25 PM,42.886312,-79.251721,43.646652,-79.384396,42.980546,-81.250705,"
",
Port Colborne,Hamilton,3,1,92km,6h5min,$24,5:25 AM,8:05AM-10AM,11:30 AM,42.886312,-79.251721,43.646652,-79.384396,43.253217,-79.869159,,
Port Colborne,Peterborough,3,1,RepeatFromAbove,,,,,,,,,,,,,
Port Colborne,Toronto,3,1,147km,2h40min,$14,5:25 AM,,8:05 AM,42.886312,-79.251721,43.646652,-79.384396,,,,
Port Colborne,Greater Sudbury,3,1,515km,16h5min,$67,5:25 AM,8:05AM-4PM,9:30 PM,42.886312,-79.251721,43.646652,-79.384396,46.504838,-80.938205,,
Port Colborne,Kitchener ,3,1,159km,5h,$25.00,5:25 AM,8:05AM-8:30AM,10:25 AM,42.886312,-79.251721,43.646652,-79.384396,43.449564,-80.492256,,
Port Colborne,Barrie,3,1,225km,11h55min,$26,5:25 AM,8:05AM-3:15PM,5:20 PM,42.886312,-79.251721,43.646652,-79.384396,44.387776,-79.690978,,
Port Colborne,Ottawa,3,1,594km,8h25min,$55,5:25 AM,8:05AM-8:30AM,1:50 PM,42.886312,-79.251721,43.646652,-79.384396,45.408603,-75.695007,,
Port Colborne,North Bay ,3,1,623km,28h50min,$104.40,5:25 AM,8:05AM-4PM-9:30PM-8:30AM,10:15 AM,42.886312,-79.251721,43.646652,-79.384396,46.504838,-80.938205,46.313901,-79.438546
Port Colborne,Hastings Highlands,3,1,409km,23h30min,$65.20,12:45 PM,4:05PM-8PM-9:55PM-10:15AM,12:15 PM,42.886312,-79.251721,43.646652,-79.384396,44.304691,-78.323045,45.231021,-77.937785
Port Colborne,London,3,2,198km,9h,$37.00,5:25 AM,8:05AM-10AM,2:25 PM,42.886312,-79.251721,43.646652,-79.384396,42.980546,-81.250705,,
Port Colborne,Hamilton,3,2,92km,6h5min,$24,5:25 AM,8:05AM-10AM,11:30 AM,42.886312,-79.251721,43.646652,-79.384396,43.253217,-79.869159,,
Port Colborne,Peterborough,3,2,RepeatFromAbove,,,,,,,,,,,,,
Port Colborne,Toronto,3,2,147km,3h20min,$18,12:45 PM,,4:05 PM,42.886312,-79.251721,43.646652,-79.384396,,,,
Port Colborne,Greater Sudbury,3,2,515km,16h5min,$67,5:25 AM,8:05AM-4PM,9:30 PM,42.886312,-79.251721,43.646652,-79.384396,46.504838,-80.938205,,
Port Colborne,Kitchener ,3,2,159km,5h,$25.00,5:25 AM,8:05AM-8:30AM,10:25 AM,42.886312,-79.251721,43.646652,-79.384396,43.449564,-80.492256,,
Port Colborne,Barrie,3,2,225km,11h55min,$26,5:25 AM,8:05AM-3:15PM,5:20 PM,42.886312,-79.251721,43.646652,-79.384396,44.387776,-79.690978,,
Port Colborne,Ottawa,3,2,594km,8h25min,$55,5:25 AM,8:05AM-8:30AM,1:50 PM,42.886312,-79.251721,43.646652,-79.384396,45.408603,-75.695007,,
Port Colborne,North Bay ,3,2,623km,28h50min,$104.40,5:25 AM,8:05AM-4PM-9:30PM-8:30AM,10:15 AM,42.886312,-79.251721,43.646652,-79.384396,46.504838,-80.938205,46.313901,-79.438546
Port Colborne,Hastings Highlands,3,2,409km,23h30min,$65.20,12:45 PM,4:05PM-8PM-9:55PM-10:15AM,12:15 PM,42.886312,-79.251721,43.646652,-79.384396,44.304691,-78.323045,45.231021,-77.937785
Port Colborne,London,3,3,198km,9h,$40.00,5:25 AM,8:05AM-10AM,2:25 PM,42.886312,-79.251721,43.646652,-79.384396,42.980546,-81.250705,,
Port Colborne,Hamilton,3,3,92km,6h5min,$25,5:25 AM,8:05AM-10AM,11:30 AM,42.886312,-79.251721,43.646652,-79.384396,43.253217,-79.869159,,
Port Colborne,Peterborough,3,3,RepeatFromAbove,,,,,,,,,,,,,
Port Colborne,Toronto,3,3,147km,3h20min,$16,12:45 PM,,4:05 PM,42.886312,-79.251721,43.646652,-79.384396,,,,
Port Colborne,Greater Sudbury,3,3,515km,16h5min,$68,5:25 AM,8:05AM-4PM,9:30 PM,42.886312,-79.251721,43.646652,-79.384396,46.504838,-80.938205,,
Port Colborne,Kitchener ,3,3,159km,7h30min ,$24,5:25 AM,8:05AM-10:30AM,12:55 PM,42.886312,-79.251721,43.646652,-79.384396,43.449564,-80.492256,,
Port Colborne,Barrie,3,3,225km,11h55min,$25,5:25 AM,8:05AM-3:15PM,5:20 PM,42.886312,-79.251721,43.646652,-79.384396,44.387776,-79.690978,,
Port Colborne,Ottawa,3,3,594km,8h25min,$66,5:25 AM,8:05AM-8:30AM,1:50 PM,42.886312,-79.251721,43.646652,-79.384396,45.408603,-75.695007,,
Port Colborne,North Bay ,3,3,623km,28h50min,$116.90,5:25 AM,8:05AM-4PM-9:30PM-8:30AM,10:15 AM,42.886312,-79.251721,43.646652,-79.384396,46.504838,-80.938205,46.313901,-79.438546
Port Colborne,Hastings Highlands,3,3,409km,23h30min,$69.20,12:45 PM,4:05PM-8PM-9:55PM-10:15AM,12:15 PM,42.886312,-79.251721,43.646652,-79.384396,44.304691,-78.323045,45.231021,-77.937785
Port Colborne,London,3,4,198km,9h,$37.00,5:25 AM,8:05AM-10AM,2:25 PM,42.886312,-79.251721,43.646652,-79.384396,42.980546,-81.250705,,
Port Colborne,Hamilton,3,4,92km,6h5min,$24,5:25 AM,8:05AM-10AM,11:30 AM,42.886312,-79.251721,43.646652,-79.384396,43.253217,-79.869159,,
Port Colborne,Peterborough,3,4,RepeatFromAbove,,,,,,,,,,,,,
Port Colborne,Toronto,3,4,147km,2h40min,$14,5:25 AM,,8:05 AM,42.886312,-79.251721,43.646652,-79.384396,,,,
Port Colborne,Greater Sudbury,3,4,515km,16h5min,$67,5:25 AM,8:05AM-4PM,9:30 PM,42.886312,-79.251721,43.646652,-79.384396,46.504838,-80.938205,,
Port Colborne,Kitchener ,3,4,159km,5h,$25.00,5:25 AM,8:05AM-8:30AM,10:25 AM,42.886312,-79.251721,43.646652,-79.384396,43.449564,-80.492256,,
Port Colborne,Barrie,3,4,225km,11h55min,$26,5:25 AM,8:05AM-3:15PM,5:20 PM,42.886312,-79.251721,43.646652,-79.384396,44.387776,-79.690978,,
Port Colborne,Ottawa,3,4,594km,8h25min,$55,5:25 AM,8:05AM-8:30AM,1:50 PM,42.886312,-79.251721,43.646652,-79.384396,45.408603,-75.695007,,
Port Colborne,North Bay ,3,4,623km,28h50min,$104.40,5:25 AM,8:05AM-4PM-9:30PM-8:30AM,10:15 AM,42.886312,-79.251721,43.646652,-79.384396,46.504838,-80.938205,46.313901,-79.438546
Port Colborne,Hastings Highlands,3,4,409km,23h30min,$65.20,12:45 PM,4:05PM-8PM-9:55PM-10:15AM,12:15 PM,42.886312,-79.251721,43.646652,-79.384396,44.304691,-78.323045,45.231021,-77.937785
Port Colborne,London,3,5,198km,9h,$40.00,5:25 AM,8:05AM-10AM,2:25 PM,42.886312,-79.251721,43.646652,-79.384396,42.980546,-81.250705,,
Port Colborne,Hamilton,3,5,92km,6h5min,$25,5:25 AM,8:05AM-10AM,11:30 AM,42.886312,-79.251721,43.646652,-79.384396,43.253217,-79.869159,,
Port Colborne,Peterborough,3,5,RepeatFromAbove,,,,,,,,,,,,,
Port Colborne,Toronto,3,5,147km,2h40min,$11,5:25 AM,,8:05 AM,42.886312,-79.251721,43.646652,-79.384396,,,,
Port Colborne,Greater Sudbury,3,5,515km,16h5min,$68,5:25 AM,8:05AM-4PM,9:30 PM,42.886312,-79.251721,43.646652,-79.384396,46.504838,-80.938205,,
Port Colborne,Kitchener ,3,5,159km,7h30min ,$24,5:25 AM,8:05AM-10:30AM,12:55 PM,42.886312,-79.251721,43.646652,-79.384396,43.449564,-80.492256,,
Port Colborne,Barrie,3,5,225km,11h55min,$25,5:25 AM,8:05AM-3:15PM,5:20 PM,42.886312,-79.251721,43.646652,-79.384396,44.387776,-79.690978,,
Port Colborne,Ottawa,3,5,594km,8h25min,$66,5:25 AM,8:05AM-8:30AM,1:50 PM,42.886312,-79.251721,43.646652,-79.384396,45.408603,-75.695007,,
Port Colborne,North Bay ,3,5,623km,28h50min,$116.90,5:25 AM,8:05AM-4PM-9:30PM-8:30AM,10:15 AM,42.886312,-79.251721,43.646652,-79.384396,46.504838,-80.938205,46.313901,-79.438546
Port Colborne,Hastings Highlands,3,5,409km,23h30min,$69.20,12:45 PM,4:05PM-8PM-9:55PM-10:15AM,12:15 PM,42.886312,-79.251721,43.646652,-79.384396,44.304691,-78.323045,45.231021,-77.937785
London,Port Colborne,3,1,198km,8h5min,$37,4:00 AM,6:35AM-9:30AM,12:05 PM,42.980546,-81.250705,43.646652,-79.384396,42.886312,-79.251721,,
Hamilton,Port Colborne,3,1,92km,8h35min,$25,11:00 AM,12:15PM-5:15PM,7:35 PM,43.253217,-79.869159,43.646652,-79.384396,42.886312,-79.251721,,
Peterborough,Port Colborne,3,1,RepeatFromAbove ,,,,,,,,,,,,,
Toronto,Port Colborne,3,1,147km,2h35min,$14,9:30 AM,,12:05 PM,43.646652,-79.384396,42.886312,-79.251721,,,,
Greater Sudbury,Port Colborne,3,1,515km,10h35min ,$67,9:00 AM,,7:35 PM,46.504838,-80.938205,43.646652,-79.384396,42.886312,-79.251721,,
Kitchener ,Port Colborne,3,1,159km,7h5min,$24,5:00 AM,7AM-9:30AM,12:05 PM,43.449564,-80.492256,43.646652,-79.384396,42.886312,-79.251721,,
Barrie,Port Colborne,3,1,224km,6h35min,$24.51,5:30 AM,7:05AM-9:30AM,12:05 PM,44.387776,-79.690978,43.646652,-79.384396,42.886312,-79.251721,,
Ottawa,Port Colborne,3,1,594km,11h20min,$55,12:45 AM,6AM-9:30AM,12:05 PM,45.408603,-75.695007,43.646652,-79.384396,42.886312,-79.251721,,
North Bay ,Port Colborne,3,1,623km,27h45min,$104.40,3:50 PM,5:45PM-9AM-2:30PM-5:15PM,7:35 PM,46.313901,-79.438546,46.504838,-80.938205,43.646652,-79.384396,42.886312,-79.251721
Hastings Highlands,Port Colborne,3,1,N/A,,,,,,,,,,,,,
London,Port Colborne,3,2,198km,8h5min,$37,4:00 AM,6:35AM-9:30AM,12:05 PM,42.980546,-81.250705,43.646652,-79.384396,42.886312,-79.251721,,
Hamilton,Port Colborne,3,2,92km,8h35min,$25,11:00 AM,12:15PM-5:15PM,7:35 PM,43.253217,-79.869159,43.646652,-79.384396,42.886312,-79.251721,,
Peterborough,Port Colborne,3,2,RepeatFromAbove,,,,,,,,,,,,,
Toronto,Port Colborne,3,2,147km,2h35min,$14,9:30 AM,,12:05 PM,43.646652,-79.384396,42.886312,-79.251721,,,,
Greater Sudbury,Port Colborne,3,2,515km,10h35min ,$67,9:00 AM,,7:35 PM,46.504838,-80.938205,43.646652,-79.384396,42.886312,-79.251721,,
Kitchener ,Port Colborne,3,2,159km,7h5min,$24,5:00 AM,7AM-9:30AM,12:05 PM,43.449564,-80.492256,43.646652,-79.384396,42.886312,-79.251721,,
Barrie,Port Colborne,3,2,224km,7h45min,$27,11:50 AM,1:30PM-5:15PM,7:35 PM,44.387776,-79.690978,43.646652,-79.384396,42.886312,-79.251721,,
Ottawa,Port Colborne,3,2,594km,8h20min,$65.50,11:15 AM,4:40PM-5:15PM,7:35 PM,45.408603,-75.695007,43.646652,-79.384396,42.886312,-79.251721,,
North Bay ,Port Colborne,3,2,623km,27h45min,$104.40,3:50 PM,5:45PM-9AM-2:30PM-5:15PM,7:35 PM,46.313901,-79.438546,46.504838,-80.938205,43.646652,-79.384396,42.886312,-79.251721
Hastings Highlands,Port Colborne,3,2,N/A,,,,,,,,,,,,,
London,Port Colborne,3,3,198km,8h5min,$45,4:00 AM,6:35AM-9:30AM,12:05 PM,42.980546,-81.250705,43.646652,-79.384396,42.886312,-79.251721,,
Hamilton,Port Colborne,3,3,92km,8h35min,$24,11:00 AM,12:15PM-5:15PM,7:35 PM,43.253217,-79.869159,43.646652,-79.384396,42.886312,-79.251721,,
Peterborough,Port Colborne,3,3,RepeatFromAbove,,,,,,,,,,,,,
Toronto,Port Colborne,3,3,147km,2h35min,$14,9:30 AM,,12:05 PM,43.646652,-79.384396,42.886312,-79.251721,,,,
Greater Sudbury,Port Colborne,3,3,515km,10h35min ,$68,9:00 AM,,7:35 PM,46.504838,-80.938205,43.646652,-79.384396,42.886312,-79.251721,,
Kitchener ,Port Colborne,3,3,159km,5h5min,$24,2:30 PM,4:20PM-5:15PM,7:35 PM,43.449564,-80.492256,43.646652,-79.384396,42.886312,-79.251721,,
Barrie,Port Colborne,3,3,224km,7h45min,$25,11:50 AM,1:30PM-5:15PM,7:35 PM,44.387776,-79.690978,43.646652,-79.384396,42.886312,-79.251721,,
Ottawa,Port Colborne,3,3,594km,8h20min,$59.00,11:15 AM,4:40PM-5:15PM,7:35 PM,45.408603,-75.695007,43.646652,-79.384396,42.886312,-79.251721,,
North Bay ,Port Colborne,3,3,623km,27h45min,$116.90,3:50 PM,5:45PM-9AM-2:30PM-5:15PM,7:35 PM,46.313901,-79.438546,46.504838,-80.938205,43.646652,-79.384396,42.886312,-79.251721
Hastings Highlands,Port Colborne,3,3,N/A,,,,,,,,,,,,,
London,Port Colborne,3,4,198km,8h5min,$37,4:00 AM,6:35AM-9:30AM,12:05 PM,42.980546,-81.250705,43.646652,-79.384396,42.886312,-79.251721,,
Hamilton,Port Colborne,3,4,92km,8h35min,$25,11:00 AM,12:15PM-5:15PM,7:35 PM,43.253217,-79.869159,43.646652,-79.384396,42.886312,-79.251721,,
Peterborough,Port Colborne,3,4,RepeatFromAbove,,,,,,,,,,,,,
Toronto,Port Colborne,3,4,147km,2h35min,$14,9:30 AM,,12:05 PM,43.646652,-79.384396,42.886312,-79.251721,,,,
Greater Sudbury,Port Colborne,3,4,515km,10h35min ,$67,9:00 AM,,7:35 PM,46.504838,-80.938205,43.646652,-79.384396,42.886312,-79.251721,,
Kitchener ,Port Colborne,3,4,159km,7h5min,$24,5:00 AM,7AM-9:30AM,12:05 PM,43.449564,-80.492256,43.646652,-79.384396,42.886312,-79.251721,,
Barrie,Port Colborne,3,4,224km,6h35min,$24.51,5:30 AM,7:05AM-9:30AM,12:05 PM,44.387776,-79.690978,43.646652,-79.384396,42.886312,-79.251721,,
Ottawa,Port Colborne,3,4,594km,11h20min,$55,12:45 AM,6AM-9:30AM,12:05 PM,45.408603,-75.695007,43.646652,-79.384396,42.886312,-79.251721,,
North Bay ,Port Colborne,3,4,623km,27h45min,$104.40,3:50 PM,5:45PM-9AM-2:30PM-5:15PM,7:35 PM,46.313901,-79.438546,46.504838,-80.938205,43.646652,-79.384396,42.886312,-79.251721
Hastings Highlands,Port Colborne,3,4,N/A,,,,,,,,,,,,,
London,Port Colborne,3,5,198km,8h5min,$45,4:00 AM,6:35AM-9:30AM,12:05 PM,42.980546,-81.250705,43.646652,-79.384396,42.886312,-79.251721,,
Hamilton,Port Colborne,3,5,92km,8h35min,$24,11:00 AM,12:15PM-5:15PM,7:35 PM,43.253217,-79.869159,43.646652,-79.384396,42.886312,-79.251721,,
Peterborough,Port Colborne,3,5,RepeatFromAbove,,,,,,,,,,,,,
Toronto,Port Colborne,3,5,147km,2h35min,$14,9:30 AM,,12:05 PM,43.646652,-79.384396,42.886312,-79.251721,,,,
Greater Sudbury,Port Colborne,3,5,515km,10h35min ,$68,9:00 AM,,7:35 PM,46.504838,-80.938205,43.646652,-79.384396,42.886312,-79.251721,,
Kitchener ,Port Colborne,3,5,159km,5h5min,$24,2:30 PM,4:20PM-5:15PM,7:35 PM,43.449564,-80.492256,43.646652,-79.384396,42.886312,-79.251721,,
Barrie,Port Colborne,3,5,224km,7h45min,$25,11:50 AM,1:30PM-5:15PM,7:35 PM,44.387776,-79.690978,43.646652,-79.384396,42.886312,-79.251721,,
Ottawa,Port Colborne,3,5,594km,11h20min,$69,12:45 AM,6AM-9:30AM,12:05 PM,45.408603,-75.695007,43.646652,-79.384396,42.886312,-79.251721,,
North Bay ,Port Colborne,3,5,623km,27h45min,$116.90,3:50 PM,5:45PM-9AM-2:30PM-5:15PM,7:35 PM,46.313901,-79.438546,46.504838,-80.938205,43.646652,-79.384396,42.886312,-79.251721
Hastings Highlands,Port Colborne,3,5,N/A,,,,,,,,,,,,,
